Year,UNIT_MEASURE,Sex,Area,Regions,Value
2010,per 1000 births,Boys and Girls,,,19.55
2010,per 1000 births,Boys and Girls,,Akmola,16.99
2010,per 1000 births,Boys and Girls,,Aktobe,19.45
2010,per 1000 births,Boys and Girls,,Almaty,16.06
2010,per 1000 births,Boys and Girls,,Atyrau,19.78
2010,per 1000 births,Boys and Girls,,Batys Kazakhstan,17.17
2010,per 1000 births,Boys and Girls,,Zhambyl,20.5
2010,per 1000 births,Boys and Girls,,Karagandy,17.31
2010,per 1000 births,Boys and Girls,,Kostanay,16.51
2010,per 1000 births,Boys and Girls,,Kyzylorda,26.47
2010,per 1000 births,Boys and Girls,,Mangistau,21.64
2010,per 1000 births,Boys and Girls,,Ontustik Kazakhstan,23.0
2010,per 1000 births,Boys and Girls,,Pavlodar,15.03
2010,per 1000 births,Boys and Girls,,Soltustik Kazakhstan,16.4
2010,per 1000 births,Boys and Girls,,Shygys Kazakhstan,22.27
2010,per 1000 births,Boys and Girls,,Nur-Sultan city,12.68
2010,per 1000 births,Boys and Girls,,Almaty city,18.84
2010,per 1000 births,Boys and Girls,Population of urban areas,,19.09
2010,per 1000 births,Boys and Girls,Population of urban areas,Akmola,16.63
2010,per 1000 births,Boys and Girls,Population of urban areas,Aktobe,19.15
2010,per 1000 births,Boys and Girls,Population of urban areas,Almaty,18.68
2010,per 1000 births,Boys and Girls,Population of urban areas,Atyrau,17.69
2010,per 1000 births,Boys and Girls,Population of urban areas,Batys Kazakhstan,15.04
2010,per 1000 births,Boys and Girls,Population of urban areas,Zhambyl,21.62
2010,per 1000 births,Boys and Girls,Population of urban areas,Karagandy,17.1
2010,per 1000 births,Boys and Girls,Population of urban areas,Kostanay,15.02
2010,per 1000 births,Boys and Girls,Population of urban areas,Kyzylorda,25.25
2010,per 1000 births,Boys and Girls,Population of urban areas,Mangistau,22.03
2010,per 1000 births,Boys and Girls,Population of urban areas,Ontustik Kazakhstan,24.55
2010,per 1000 births,Boys and Girls,Population of urban areas,Pavlodar,14.18
2010,per 1000 births,Boys and Girls,Population of urban areas,Soltustik Kazakhstan,14.21
2010,per 1000 births,Boys and Girls,Population of urban areas,Shygys Kazakhstan,21.29
2010,per 1000 births,Boys and Girls,Population of urban areas,Nur-Sultan city,12.68
2010,per 1000 births,Boys and Girls,Population of urban areas,Almaty city,18.84
2010,per 1000 births,Boys and Girls,Population of rural areas,,20.06
2010,per 1000 births,Boys and Girls,Population of rural areas,Akmola,17.4
2010,per 1000 births,Boys and Girls,Population of rural areas,Aktobe,19.93
2010,per 1000 births,Boys and Girls,Population of rural areas,Almaty,15.18
2010,per 1000 births,Boys and Girls,Population of rural areas,Atyrau,22.07
2010,per 1000 births,Boys and Girls,Population of rural areas,Batys Kazakhstan,19.6
2010,per 1000 births,Boys and Girls,Population of rural areas,Zhambyl,19.82
2010,per 1000 births,Boys and Girls,Population of rural areas,Karagandy,18.03
2010,per 1000 births,Boys and Girls,Population of rural areas,Kostanay,18.08
2010,per 1000 births,Boys and Girls,Population of rural areas,Kyzylorda,27.45
2010,per 1000 births,Boys and Girls,Population of rural areas,Mangistau,21.27
2010,per 1000 births,Boys and Girls,Population of rural areas,Ontustik Kazakhstan,22.05
2010,per 1000 births,Boys and Girls,Population of rural areas,Pavlodar,16.76
2010,per 1000 births,Boys and Girls,Population of rural areas,Soltustik Kazakhstan,18.04
2010,per 1000 births,Boys and Girls,Population of rural areas,Shygys Kazakhstan,23.51
2010,per 1000 births,Male,,,21.76
2010,per 1000 births,Male,,Akmola,19.91
2010,per 1000 births,Male,,Aktobe,22.31
2010,per 1000 births,Male,,Almaty,17.44
2010,per 1000 births,Male,,Atyrau,20.66
2010,per 1000 births,Male,,Batys Kazakhstan,17.91
2010,per 1000 births,Male,,Zhambyl,23.26
2010,per 1000 births,Male,,Karagandy,19.52
2010,per 1000 births,Male,,Kostanay,19.6
2010,per 1000 births,Male,,Kyzylorda,28.04
2010,per 1000 births,Male,,Mangistau,21.6
2010,per 1000 births,Male,,Ontustik Kazakhstan,26.15
2010,per 1000 births,Male,,Pavlodar,16.75
2010,per 1000 births,Male,,Soltustik Kazakhstan,17.48
2010,per 1000 births,Male,,Shygys Kazakhstan,24.66
2010,per 1000 births,Male,,Nur-Sultan city,14.49
2010,per 1000 births,Male,,Almaty city,21.74
2010,per 1000 births,Male,Population of urban areas,,21.36
2010,per 1000 births,Male,Population of urban areas,Akmola,19.65
2010,per 1000 births,Male,Population of urban areas,Aktobe,22.32
2010,per 1000 births,Male,Population of urban areas,Almaty,22.09
2010,per 1000 births,Male,Population of urban areas,Atyrau,17.41
2010,per 1000 births,Male,Population of urban areas,Batys Kazakhstan,12.04
2010,per 1000 births,Male,Population of urban areas,Zhambyl,22.86
2010,per 1000 births,Male,Population of urban areas,Karagandy,20.52
2010,per 1000 births,Male,Population of urban areas,Kostanay,15.9
2010,per 1000 births,Male,Population of urban areas,Kyzylorda,28.48
2010,per 1000 births,Male,Population of urban areas,Mangistau,21.84
2010,per 1000 births,Male,Population of urban areas,Ontustik Kazakhstan,28.55
2010,per 1000 births,Male,Population of urban areas,Pavlodar,15.25
2010,per 1000 births,Male,Population of urban areas,Soltustik Kazakhstan,15.32
2010,per 1000 births,Male,Population of urban areas,Shygys Kazakhstan,22.69
2010,per 1000 births,Male,Population of urban areas,Nur-Sultan city,14.49
2010,per 1000 births,Male,Population of urban areas,Almaty city,21.74
2010,per 1000 births,Male,Population of rural areas,,22.2
2010,per 1000 births,Male,Population of rural areas,Akmola,20.22
2010,per 1000 births,Male,Population of rural areas,Aktobe,22.28
2010,per 1000 births,Male,Population of rural areas,Almaty,15.91
2010,per 1000 births,Male,Population of rural areas,Atyrau,24.27
2010,per 1000 births,Male,Population of rural areas,Batys Kazakhstan,24.47
2010,per 1000 births,Male,Population of rural areas,Zhambyl,23.51
2010,per 1000 births,Male,Population of rural areas,Karagandy,16.06
2010,per 1000 births,Male,Population of rural areas,Kostanay,23.58
2010,per 1000 births,Male,Population of rural areas,Kyzylorda,27.69
2010,per 1000 births,Male,Population of rural areas,Mangistau,21.37
2010,per 1000 births,Male,Population of rural areas,Ontustik Kazakhstan,24.66
2010,per 1000 births,Male,Population of rural areas,Pavlodar,19.8
2010,per 1000 births,Male,Population of rural areas,Soltustik Kazakhstan,19.08
2010,per 1000 births,Male,Population of rural areas,Shygys Kazakhstan,27.1
2010,per 1000 births,Female,,,17.21
2010,per 1000 births,Female,,Akmola,13.86
2010,per 1000 births,Female,,Aktobe,16.45
2010,per 1000 births,Female,,Almaty,14.6
2010,per 1000 births,Female,,Atyrau,18.84
2010,per 1000 births,Female,,Batys Kazakhstan,16.38
2010,per 1000 births,Female,,Zhambyl,17.54
2010,per 1000 births,Female,,Karagandy,14.99
2010,per 1000 births,Female,,Kostanay,13.15
2010,per 1000 births,Female,,Kyzylorda,24.78
2010,per 1000 births,Female,,Mangistau,21.69
2010,per 1000 births,Female,,Ontustik Kazakhstan,19.69
2010,per 1000 births,Female,,Pavlodar,13.24
2010,per 1000 births,Female,,Soltustik Kazakhstan,15.26
2010,per 1000 births,Female,,Shygys Kazakhstan,19.77
2010,per 1000 births,Female,,Nur-Sultan city,10.75
2010,per 1000 births,Female,,Almaty city,15.71
2010,per 1000 births,Female,Population of urban areas,,16.68
2010,per 1000 births,Female,Population of urban areas,Akmola,13.37
2010,per 1000 births,Female,Population of urban areas,Aktobe,15.82
2010,per 1000 births,Female,Population of urban areas,Almaty,15.12
2010,per 1000 births,Female,Population of urban areas,Atyrau,18.0
2010,per 1000 births,Female,Population of urban areas,Batys Kazakhstan,18.14
2010,per 1000 births,Female,Population of urban areas,Zhambyl,20.27
2010,per 1000 births,Female,Population of urban areas,Karagandy,13.54
2010,per 1000 births,Female,Population of urban areas,Kostanay,14.04
2010,per 1000 births,Female,Population of urban areas,Kyzylorda,21.82
2010,per 1000 births,Female,Population of urban areas,Mangistau,22.24
2010,per 1000 births,Female,Population of urban areas,Ontustik Kazakhstan,20.31
2010,per 1000 births,Female,Population of urban areas,Pavlodar,13.07
2010,per 1000 births,Female,Population of urban areas,Soltustik Kazakhstan,13.06
2010,per 1000 births,Female,Population of urban areas,Shygys Kazakhstan,19.86
2010,per 1000 births,Female,Population of urban areas,Nur-Sultan city,10.75
2010,per 1000 births,Female,Population of urban areas,Almaty city,15.71
2010,per 1000 births,Female,Population of rural areas,,17.8
2010,per 1000 births,Female,Population of rural areas,Akmola,14.41
2010,per 1000 births,Female,Population of rural areas,Aktobe,17.46
2010,per 1000 births,Female,Population of rural areas,Almaty,14.42
2010,per 1000 births,Female,Population of rural areas,Atyrau,19.76
2010,per 1000 births,Female,Population of rural areas,Batys Kazakhstan,14.29
2010,per 1000 births,Female,Population of rural areas,Zhambyl,15.92
2010,per 1000 births,Female,Population of rural areas,Karagandy,20.11
2010,per 1000 births,Female,Population of rural areas,Kostanay,12.22
2010,per 1000 births,Female,Population of rural areas,Kyzylorda,27.2
2010,per 1000 births,Female,Population of rural areas,Mangistau,21.16
2010,per 1000 births,Female,Population of rural areas,Ontustik Kazakhstan,19.31
2010,per 1000 births,Female,Population of rural areas,Pavlodar,13.59
2010,per 1000 births,Female,Population of rural areas,Soltustik Kazakhstan,16.93
2010,per 1000 births,Female,Population of rural areas,Shygys Kazakhstan,19.66
2011,per 1000 births,Boys and Girls,,,17.99
2011,per 1000 births,Boys and Girls,,Akmola,18.3
2011,per 1000 births,Boys and Girls,,Aktobe,14.22
2011,per 1000 births,Boys and Girls,,Almaty,15.08
2011,per 1000 births,Boys and Girls,,Atyrau,19.33
2011,per 1000 births,Boys and Girls,,Batys Kazakhstan,14.54
2011,per 1000 births,Boys and Girls,,Zhambyl,18.9
2011,per 1000 births,Boys and Girls,,Karagandy,13.5
2011,per 1000 births,Boys and Girls,,Kostanay,16.24
2011,per 1000 births,Boys and Girls,,Kyzylorda,23.61
2011,per 1000 births,Boys and Girls,,Mangistau,20.22
2011,per 1000 births,Boys and Girls,,Ontustik Kazakhstan,20.66
2011,per 1000 births,Boys and Girls,,Pavlodar,15.49
2011,per 1000 births,Boys and Girls,,Soltustik Kazakhstan,15.0
2011,per 1000 births,Boys and Girls,,Shygys Kazakhstan,21.28
2011,per 1000 births,Boys and Girls,,Nur-Sultan city,12.82
2011,per 1000 births,Boys and Girls,,Almaty city,19.45
2011,per 1000 births,Boys and Girls,Population of urban areas,,17.88
2011,per 1000 births,Boys and Girls,Population of urban areas,Akmola,20.27
2011,per 1000 births,Boys and Girls,Population of urban areas,Aktobe,12.98
2011,per 1000 births,Boys and Girls,Population of urban areas,Almaty,15.98
2011,per 1000 births,Boys and Girls,Population of urban areas,Atyrau,17.69
2011,per 1000 births,Boys and Girls,Population of urban areas,Batys Kazakhstan,12.58
2011,per 1000 births,Boys and Girls,Population of urban areas,Zhambyl,20.66
2011,per 1000 births,Boys and Girls,Population of urban areas,Karagandy,12.52
2011,per 1000 births,Boys and Girls,Population of urban areas,Kostanay,14.76
2011,per 1000 births,Boys and Girls,Population of urban areas,Kyzylorda,21.54
2011,per 1000 births,Boys and Girls,Population of urban areas,Mangistau,19.97
2011,per 1000 births,Boys and Girls,Population of urban areas,Ontustik Kazakhstan,24.63
2011,per 1000 births,Boys and Girls,Population of urban areas,Pavlodar,14.1
2011,per 1000 births,Boys and Girls,Population of urban areas,Soltustik Kazakhstan,14.19
2011,per 1000 births,Boys and Girls,Population of urban areas,Shygys Kazakhstan,19.94
2011,per 1000 births,Boys and Girls,Population of urban areas,Nur-Sultan city,12.82
2011,per 1000 births,Boys and Girls,Population of urban areas,Almaty city,19.45
2011,per 1000 births,Boys and Girls,Population of rural areas,,18.12
2011,per 1000 births,Boys and Girls,Population of rural areas,Akmola,16.16
2011,per 1000 births,Boys and Girls,Population of rural areas,Aktobe,16.39
2011,per 1000 births,Boys and Girls,Population of rural areas,Almaty,14.79
2011,per 1000 births,Boys and Girls,Population of rural areas,Atyrau,20.97
2011,per 1000 births,Boys and Girls,Population of rural areas,Batys Kazakhstan,16.86
2011,per 1000 births,Boys and Girls,Population of rural areas,Zhambyl,17.79
2011,per 1000 births,Boys and Girls,Population of rural areas,Karagandy,17.12
2011,per 1000 births,Boys and Girls,Population of rural areas,Kostanay,17.89
2011,per 1000 births,Boys and Girls,Population of rural areas,Kyzylorda,25.37
2011,per 1000 births,Boys and Girls,Population of rural areas,Mangistau,20.46
2011,per 1000 births,Boys and Girls,Population of rural areas,Ontustik Kazakhstan,18.12
2011,per 1000 births,Boys and Girls,Population of rural areas,Pavlodar,18.31
2011,per 1000 births,Boys and Girls,Population of rural areas,Soltustik Kazakhstan,15.63
2011,per 1000 births,Boys and Girls,Population of rural areas,Shygys Kazakhstan,23.17
2011,per 1000 births,Male,,,20.04
2011,per 1000 births,Male,,Akmola,20.89
2011,per 1000 births,Male,,Aktobe,16.72
2011,per 1000 births,Male,,Almaty,17.29
2011,per 1000 births,Male,,Atyrau,21.68
2011,per 1000 births,Male,,Batys Kazakhstan,15.11
2011,per 1000 births,Male,,Zhambyl,20.35
2011,per 1000 births,Male,,Karagandy,16.0
2011,per 1000 births,Male,,Kostanay,18.69
2011,per 1000 births,Male,,Kyzylorda,26.77
2011,per 1000 births,Male,,Mangistau,21.58
2011,per 1000 births,Male,,Ontustik Kazakhstan,22.53
2011,per 1000 births,Male,,Pavlodar,16.26
2011,per 1000 births,Male,,Soltustik Kazakhstan,18.25
2011,per 1000 births,Male,,Shygys Kazakhstan,24.62
2011,per 1000 births,Male,,Nur-Sultan city,13.11
2011,per 1000 births,Male,,Almaty city,21.45
2011,per 1000 births,Male,Population of urban areas,,20.2
2011,per 1000 births,Male,Population of urban areas,Akmola,23.29
2011,per 1000 births,Male,Population of urban areas,Aktobe,15.78
2011,per 1000 births,Male,Population of urban areas,Almaty,18.63
2011,per 1000 births,Male,Population of urban areas,Atyrau,21.04
2011,per 1000 births,Male,Population of urban areas,Batys Kazakhstan,12.2
2011,per 1000 births,Male,Population of urban areas,Zhambyl,22.97
2011,per 1000 births,Male,Population of urban areas,Karagandy,15.33
2011,per 1000 births,Male,Population of urban areas,Kostanay,16.83
2011,per 1000 births,Male,Population of urban areas,Kyzylorda,22.65
2011,per 1000 births,Male,Population of urban areas,Mangistau,22.35
2011,per 1000 births,Male,Population of urban areas,Ontustik Kazakhstan,27.75
2011,per 1000 births,Male,Population of urban areas,Pavlodar,16.53
2011,per 1000 births,Male,Population of urban areas,Soltustik Kazakhstan,18.55
2011,per 1000 births,Male,Population of urban areas,Shygys Kazakhstan,22.99
2011,per 1000 births,Male,Population of urban areas,Nur-Sultan city,13.11
2011,per 1000 births,Male,Population of urban areas,Almaty city,21.45
2011,per 1000 births,Male,Population of rural areas,,19.85
2011,per 1000 births,Male,Population of rural areas,Akmola,18.15
2011,per 1000 births,Male,Population of rural areas,Aktobe,18.43
2011,per 1000 births,Male,Population of rural areas,Almaty,16.84
2011,per 1000 births,Male,Population of rural areas,Atyrau,22.3
2011,per 1000 births,Male,Population of rural areas,Batys Kazakhstan,18.62
2011,per 1000 births,Male,Population of rural areas,Zhambyl,18.69
2011,per 1000 births,Male,Population of rural areas,Karagandy,18.48
2011,per 1000 births,Male,Population of rural areas,Kostanay,20.82
2011,per 1000 births,Male,Population of rural areas,Kyzylorda,30.28
2011,per 1000 births,Male,Population of rural areas,Mangistau,20.84
2011,per 1000 births,Male,Population of rural areas,Ontustik Kazakhstan,19.23
2011,per 1000 births,Male,Population of rural areas,Pavlodar,15.73
2011,per 1000 births,Male,Population of rural areas,Soltustik Kazakhstan,18.01
2011,per 1000 births,Male,Population of rural areas,Shygys Kazakhstan,26.93
2011,per 1000 births,Female,,,15.82
2011,per 1000 births,Female,,Akmola,15.49
2011,per 1000 births,Female,,Aktobe,11.58
2011,per 1000 births,Female,,Almaty,12.76
2011,per 1000 births,Female,,Atyrau,16.83
2011,per 1000 births,Female,,Batys Kazakhstan,13.93
2011,per 1000 births,Female,,Zhambyl,17.36
2011,per 1000 births,Female,,Karagandy,10.91
2011,per 1000 births,Female,,Kostanay,13.71
2011,per 1000 births,Female,,Kyzylorda,20.24
2011,per 1000 births,Female,,Mangistau,18.75
2011,per 1000 births,Female,,Ontustik Kazakhstan,18.67
2011,per 1000 births,Female,,Pavlodar,14.67
2011,per 1000 births,Female,,Soltustik Kazakhstan,11.5
2011,per 1000 births,Female,,Shygys Kazakhstan,17.73
2011,per 1000 births,Female,,Nur-Sultan city,12.51
2011,per 1000 births,Female,,Almaty city,17.27
2011,per 1000 births,Female,Population of urban areas,,15.41
2011,per 1000 births,Female,Population of urban areas,Akmola,16.82
2011,per 1000 births,Female,Population of urban areas,Aktobe,9.95
2011,per 1000 births,Female,Population of urban areas,Almaty,13.15
2011,per 1000 births,Female,Population of urban areas,Atyrau,14.26
2011,per 1000 births,Female,Population of urban areas,Batys Kazakhstan,12.99
2011,per 1000 births,Female,Population of urban areas,Zhambyl,18.19
2011,per 1000 births,Female,Population of urban areas,Karagandy,9.61
2011,per 1000 births,Female,Population of urban areas,Kostanay,12.58
2011,per 1000 births,Female,Population of urban areas,Kyzylorda,20.36
2011,per 1000 births,Female,Population of urban areas,Mangistau,17.48
2011,per 1000 births,Female,Population of urban areas,Ontustik Kazakhstan,21.35
2011,per 1000 births,Female,Population of urban areas,Pavlodar,11.56
2011,per 1000 births,Female,Population of urban areas,Soltustik Kazakhstan,9.39
2011,per 1000 births,Female,Population of urban areas,Shygys Kazakhstan,16.68
2011,per 1000 births,Female,Population of urban areas,Nur-Sultan city,12.51
2011,per 1000 births,Female,Population of urban areas,Almaty city,17.27
2011,per 1000 births,Female,Population of rural areas,,16.28
2011,per 1000 births,Female,Population of rural areas,Akmola,14.1
2011,per 1000 births,Female,Population of rural areas,Aktobe,14.33
2011,per 1000 births,Female,Population of rural areas,Almaty,12.63
2011,per 1000 births,Female,Population of rural areas,Atyrau,19.51
2011,per 1000 births,Female,Population of rural areas,Batys Kazakhstan,15.02
2011,per 1000 births,Female,Population of rural areas,Zhambyl,16.84
2011,per 1000 births,Female,Population of rural areas,Karagandy,15.7
2011,per 1000 births,Female,Population of rural areas,Kostanay,14.95
2011,per 1000 births,Female,Population of rural areas,Kyzylorda,20.13
2011,per 1000 births,Female,Population of rural areas,Mangistau,20.04
2011,per 1000 births,Female,Population of rural areas,Ontustik Kazakhstan,16.94
2011,per 1000 births,Female,Population of rural areas,Pavlodar,21.14
2011,per 1000 births,Female,Population of rural areas,Soltustik Kazakhstan,13.12
2011,per 1000 births,Female,Population of rural areas,Shygys Kazakhstan,19.19
2012,per 1000 births,Boys and Girls,,,16.36
2012,per 1000 births,Boys and Girls,,Akmola,13.84
2012,per 1000 births,Boys and Girls,,Aktobe,16.3
2012,per 1000 births,Boys and Girls,,Almaty,14.55
2012,per 1000 births,Boys and Girls,,Atyrau,19.12
2012,per 1000 births,Boys and Girls,,Batys Kazakhstan,11.99
2012,per 1000 births,Boys and Girls,,Zhambyl,17.06
2012,per 1000 births,Boys and Girls,,Karagandy,14.53
2012,per 1000 births,Boys and Girls,,Kostanay,17.01
2012,per 1000 births,Boys and Girls,,Kyzylorda,24.28
2012,per 1000 births,Boys and Girls,,Mangistau,15.98
2012,per 1000 births,Boys and Girls,,Ontustik Kazakhstan,18.49
2012,per 1000 births,Boys and Girls,,Pavlodar,10.88
2012,per 1000 births,Boys and Girls,,Soltustik Kazakhstan,13.07
2012,per 1000 births,Boys and Girls,,Shygys Kazakhstan,18.3
2012,per 1000 births,Boys and Girls,,Nur-Sultan city,13.26
2012,per 1000 births,Boys and Girls,,Almaty city,14.08
2012,per 1000 births,Boys and Girls,Population of urban areas,,15.74
2012,per 1000 births,Boys and Girls,Population of urban areas,Akmola,15.66
2012,per 1000 births,Boys and Girls,Population of urban areas,Aktobe,17.55
2012,per 1000 births,Boys and Girls,Population of urban areas,Almaty,13.93
2012,per 1000 births,Boys and Girls,Population of urban areas,Atyrau,19.69
2012,per 1000 births,Boys and Girls,Population of urban areas,Batys Kazakhstan,8.9
2012,per 1000 births,Boys and Girls,Population of urban areas,Zhambyl,15.61
2012,per 1000 births,Boys and Girls,Population of urban areas,Karagandy,14.4
2012,per 1000 births,Boys and Girls,Population of urban areas,Kostanay,15.36
2012,per 1000 births,Boys and Girls,Population of urban areas,Kyzylorda,21.36
2012,per 1000 births,Boys and Girls,Population of urban areas,Mangistau,14.89
2012,per 1000 births,Boys and Girls,Population of urban areas,Ontustik Kazakhstan,19.46
2012,per 1000 births,Boys and Girls,Population of urban areas,Pavlodar,10.1
2012,per 1000 births,Boys and Girls,Population of urban areas,Soltustik Kazakhstan,13.02
2012,per 1000 births,Boys and Girls,Population of urban areas,Shygys Kazakhstan,18.12
2012,per 1000 births,Boys and Girls,Population of urban areas,Nur-Sultan city,13.26
2012,per 1000 births,Boys and Girls,Population of urban areas,Almaty city,14.08
2012,per 1000 births,Boys and Girls,Population of rural areas,,17.1
2012,per 1000 births,Boys and Girls,Population of rural areas,Akmola,11.89
2012,per 1000 births,Boys and Girls,Population of rural areas,Aktobe,14.03
2012,per 1000 births,Boys and Girls,Population of rural areas,Almaty,14.75
2012,per 1000 births,Boys and Girls,Population of rural areas,Atyrau,18.51
2012,per 1000 births,Boys and Girls,Population of rural areas,Batys Kazakhstan,15.8
2012,per 1000 births,Boys and Girls,Population of rural areas,Zhambyl,18.05
2012,per 1000 births,Boys and Girls,Population of rural areas,Karagandy,14.98
2012,per 1000 births,Boys and Girls,Population of rural areas,Kostanay,19.04
2012,per 1000 births,Boys and Girls,Population of rural areas,Kyzylorda,26.8
2012,per 1000 births,Boys and Girls,Population of rural areas,Mangistau,16.96
2012,per 1000 births,Boys and Girls,Population of rural areas,Ontustik Kazakhstan,17.85
2012,per 1000 births,Boys and Girls,Population of rural areas,Pavlodar,12.58
2012,per 1000 births,Boys and Girls,Population of rural areas,Soltustik Kazakhstan,13.11
2012,per 1000 births,Boys and Girls,Population of rural areas,Shygys Kazakhstan,18.59
2012,per 1000 births,Male,,,18.2
2012,per 1000 births,Male,,Akmola,15.0
2012,per 1000 births,Male,,Aktobe,16.81
2012,per 1000 births,Male,,Almaty,17.49
2012,per 1000 births,Male,,Atyrau,19.82
2012,per 1000 births,Male,,Batys Kazakhstan,15.23
2012,per 1000 births,Male,,Zhambyl,19.62
2012,per 1000 births,Male,,Karagandy,16.17
2012,per 1000 births,Male,,Kostanay,20.03
2012,per 1000 births,Male,,Kyzylorda,27.42
2012,per 1000 births,Male,,Mangistau,16.98
2012,per 1000 births,Male,,Ontustik Kazakhstan,20.19
2012,per 1000 births,Male,,Pavlodar,12.09
2012,per 1000 births,Male,,Soltustik Kazakhstan,14.57
2012,per 1000 births,Male,,Shygys Kazakhstan,19.99
2012,per 1000 births,Male,,Nur-Sultan city,14.33
2012,per 1000 births,Male,,Almaty city,15.08
2012,per 1000 births,Male,Population of urban areas,,17.37
2012,per 1000 births,Male,Population of urban areas,Akmola,17.75
2012,per 1000 births,Male,Population of urban areas,Aktobe,18.32
2012,per 1000 births,Male,Population of urban areas,Almaty,15.99
2012,per 1000 births,Male,Population of urban areas,Atyrau,21.13
2012,per 1000 births,Male,Population of urban areas,Batys Kazakhstan,11.84
2012,per 1000 births,Male,Population of urban areas,Zhambyl,16.51
2012,per 1000 births,Male,Population of urban areas,Karagandy,16.37
2012,per 1000 births,Male,Population of urban areas,Kostanay,18.16
2012,per 1000 births,Male,Population of urban areas,Kyzylorda,24.73
2012,per 1000 births,Male,Population of urban areas,Mangistau,14.81
2012,per 1000 births,Male,Population of urban areas,Ontustik Kazakhstan,21.88
2012,per 1000 births,Male,Population of urban areas,Pavlodar,11.7
2012,per 1000 births,Male,Population of urban areas,Soltustik Kazakhstan,12.65
2012,per 1000 births,Male,Population of urban areas,Shygys Kazakhstan,19.47
2012,per 1000 births,Male,Population of urban areas,Nur-Sultan city,14.33
2012,per 1000 births,Male,Population of urban areas,Almaty city,15.08
2012,per 1000 births,Male,Population of rural areas,,19.18
2012,per 1000 births,Male,Population of rural areas,Akmola,12.1
2012,per 1000 births,Male,Population of rural areas,Aktobe,14.06
2012,per 1000 births,Male,Population of rural areas,Almaty,17.99
2012,per 1000 births,Male,Population of rural areas,Atyrau,18.42
2012,per 1000 births,Male,Population of rural areas,Batys Kazakhstan,19.38
2012,per 1000 births,Male,Population of rural areas,Zhambyl,21.7
2012,per 1000 births,Male,Population of rural areas,Karagandy,15.46
2012,per 1000 births,Male,Population of rural areas,Kostanay,22.29
2012,per 1000 births,Male,Population of rural areas,Kyzylorda,29.71
2012,per 1000 births,Male,Population of rural areas,Mangistau,18.94
2012,per 1000 births,Male,Population of rural areas,Ontustik Kazakhstan,19.07
2012,per 1000 births,Male,Population of rural areas,Pavlodar,12.91
2012,per 1000 births,Male,Population of rural areas,Soltustik Kazakhstan,16.2
2012,per 1000 births,Male,Population of rural areas,Shygys Kazakhstan,20.82
2012,per 1000 births,Female,,,14.42
2012,per 1000 births,Female,,Akmola,12.65
2012,per 1000 births,Female,,Aktobe,15.74
2012,per 1000 births,Female,,Almaty,11.51
2012,per 1000 births,Female,,Atyrau,18.38
2012,per 1000 births,Female,,Batys Kazakhstan,8.51
2012,per 1000 births,Female,,Zhambyl,14.4
2012,per 1000 births,Female,,Karagandy,12.78
2012,per 1000 births,Female,,Kostanay,13.91
2012,per 1000 births,Female,,Kyzylorda,20.87
2012,per 1000 births,Female,,Mangistau,14.94
2012,per 1000 births,Female,,Ontustik Kazakhstan,16.67
2012,per 1000 births,Female,,Pavlodar,9.6
2012,per 1000 births,Female,,Soltustik Kazakhstan,11.51
2012,per 1000 births,Female,,Shygys Kazakhstan,16.55
2012,per 1000 births,Female,,Nur-Sultan city,12.13
2012,per 1000 births,Female,,Almaty city,13.03
2012,per 1000 births,Female,Population of urban areas,,14.02
2012,per 1000 births,Female,Population of urban areas,Akmola,13.55
2012,per 1000 births,Female,Population of urban areas,Aktobe,16.71
2012,per 1000 births,Female,Population of urban areas,Almaty,11.81
2012,per 1000 births,Female,Population of urban areas,Atyrau,18.18
2012,per 1000 births,Female,Population of urban areas,Batys Kazakhstan,5.74
2012,per 1000 births,Female,Population of urban areas,Zhambyl,14.71
2012,per 1000 births,Female,Population of urban areas,Karagandy,12.32
2012,per 1000 births,Female,Population of urban areas,Kostanay,12.53
2012,per 1000 births,Female,Population of urban areas,Kyzylorda,17.74
2012,per 1000 births,Female,Population of urban areas,Mangistau,14.98
2012,per 1000 births,Female,Population of urban areas,Ontustik Kazakhstan,16.89
2012,per 1000 births,Female,Population of urban areas,Pavlodar,8.4
2012,per 1000 births,Female,Population of urban areas,Soltustik Kazakhstan,13.43
2012,per 1000 births,Female,Population of urban areas,Shygys Kazakhstan,16.71
2012,per 1000 births,Female,Population of urban areas,Nur-Sultan city,12.13
2012,per 1000 births,Female,Population of urban areas,Almaty city,13.03
2012,per 1000 births,Female,Population of rural areas,,14.89
2012,per 1000 births,Female,Population of rural areas,Akmola,11.67
2012,per 1000 births,Female,Population of rural areas,Aktobe,14.01
2012,per 1000 births,Female,Population of rural areas,Almaty,11.4
2012,per 1000 births,Female,Population of rural areas,Atyrau,18.6
2012,per 1000 births,Female,Population of rural areas,Batys Kazakhstan,11.94
2012,per 1000 births,Female,Population of rural areas,Zhambyl,14.18
2012,per 1000 births,Female,Population of rural areas,Karagandy,14.47
2012,per 1000 births,Female,Population of rural areas,Kostanay,15.64
2012,per 1000 births,Female,Population of rural areas,Kyzylorda,23.6
2012,per 1000 births,Female,Population of rural areas,Mangistau,14.9
2012,per 1000 births,Female,Population of rural areas,Ontustik Kazakhstan,16.53
2012,per 1000 births,Female,Population of rural areas,Pavlodar,12.23
2012,per 1000 births,Female,Population of rural areas,Soltustik Kazakhstan,10.01
2012,per 1000 births,Female,Population of rural areas,Shygys Kazakhstan,16.29
2013,per 1000 births,Boys and Girls,,,14.19
2013,per 1000 births,Boys and Girls,,Akmola,14.78
2013,per 1000 births,Boys and Girls,,Aktobe,13.54
2013,per 1000 births,Boys and Girls,,Almaty,12.25
2013,per 1000 births,Boys and Girls,,Atyrau,11.89
2013,per 1000 births,Boys and Girls,,Batys Kazakhstan,9.75
2013,per 1000 births,Boys and Girls,,Zhambyl,16.58
2013,per 1000 births,Boys and Girls,,Karagandy,11.59
2013,per 1000 births,Boys and Girls,,Kostanay,14.2
2013,per 1000 births,Boys and Girls,,Kyzylorda,19.67
2013,per 1000 births,Boys and Girls,,Mangistau,11.79
2013,per 1000 births,Boys and Girls,,Ontustik Kazakhstan,17.47
2013,per 1000 births,Boys and Girls,,Pavlodar,10.38
2013,per 1000 births,Boys and Girls,,Soltustik Kazakhstan,13.67
2013,per 1000 births,Boys and Girls,,Shygys Kazakhstan,15.73
2013,per 1000 births,Boys and Girls,,Nur-Sultan city,11.6
2013,per 1000 births,Boys and Girls,,Almaty city,11.86
2013,per 1000 births,Boys and Girls,Population of urban areas,,13.65
2013,per 1000 births,Boys and Girls,Population of urban areas,Akmola,16.04
2013,per 1000 births,Boys and Girls,Population of urban areas,Aktobe,13.25
2013,per 1000 births,Boys and Girls,Population of urban areas,Almaty,12.78
2013,per 1000 births,Boys and Girls,Population of urban areas,Atyrau,11.28
2013,per 1000 births,Boys and Girls,Population of urban areas,Batys Kazakhstan,9.29
2013,per 1000 births,Boys and Girls,Population of urban areas,Zhambyl,21.21
2013,per 1000 births,Boys and Girls,Population of urban areas,Karagandy,10.91
2013,per 1000 births,Boys and Girls,Population of urban areas,Kostanay,13.22
2013,per 1000 births,Boys and Girls,Population of urban areas,Kyzylorda,17.39
2013,per 1000 births,Boys and Girls,Population of urban areas,Mangistau,10.74
2013,per 1000 births,Boys and Girls,Population of urban areas,Ontustik Kazakhstan,17.76
2013,per 1000 births,Boys and Girls,Population of urban areas,Pavlodar,9.84
2013,per 1000 births,Boys and Girls,Population of urban areas,Soltustik Kazakhstan,13.25
2013,per 1000 births,Boys and Girls,Population of urban areas,Shygys Kazakhstan,14.64
2013,per 1000 births,Boys and Girls,Population of urban areas,Nur-Sultan city,11.6
2013,per 1000 births,Boys and Girls,Population of urban areas,Almaty city,11.86
2013,per 1000 births,Boys and Girls,Population of rural areas,,14.83
2013,per 1000 births,Boys and Girls,Population of rural areas,Akmola,13.39
2013,per 1000 births,Boys and Girls,Population of rural areas,Aktobe,14.09
2013,per 1000 births,Boys and Girls,Population of rural areas,Almaty,12.08
2013,per 1000 births,Boys and Girls,Population of rural areas,Atyrau,12.53
2013,per 1000 births,Boys and Girls,Population of rural areas,Batys Kazakhstan,10.31
2013,per 1000 births,Boys and Girls,Population of rural areas,Zhambyl,13.67
2013,per 1000 births,Boys and Girls,Population of rural areas,Karagandy,14.2
2013,per 1000 births,Boys and Girls,Population of rural areas,Kostanay,15.43
2013,per 1000 births,Boys and Girls,Population of rural areas,Kyzylorda,21.6
2013,per 1000 births,Boys and Girls,Population of rural areas,Mangistau,12.75
2013,per 1000 births,Boys and Girls,Population of rural areas,Ontustik Kazakhstan,17.28
2013,per 1000 births,Boys and Girls,Population of rural areas,Pavlodar,11.52
2013,per 1000 births,Boys and Girls,Population of rural areas,Soltustik Kazakhstan,14.01
2013,per 1000 births,Boys and Girls,Population of rural areas,Shygys Kazakhstan,17.48
2013,per 1000 births,Male,,,15.88
2013,per 1000 births,Male,,Akmola,17.36
2013,per 1000 births,Male,,Aktobe,15.36
2013,per 1000 births,Male,,Almaty,14.37
2013,per 1000 births,Male,,Atyrau,12.63
2013,per 1000 births,Male,,Batys Kazakhstan,11.66
2013,per 1000 births,Male,,Zhambyl,17.25
2013,per 1000 births,Male,,Karagandy,12.64
2013,per 1000 births,Male,,Kostanay,17.03
2013,per 1000 births,Male,,Kyzylorda,20.74
2013,per 1000 births,Male,,Mangistau,12.98
2013,per 1000 births,Male,,Ontustik Kazakhstan,19.46
2013,per 1000 births,Male,,Pavlodar,11.98
2013,per 1000 births,Male,,Soltustik Kazakhstan,13.9
2013,per 1000 births,Male,,Shygys Kazakhstan,18.27
2013,per 1000 births,Male,,Nur-Sultan city,12.56
2013,per 1000 births,Male,,Almaty city,14.16
2013,per 1000 births,Male,Population of urban areas,,14.99
2013,per 1000 births,Male,Population of urban areas,Akmola,16.97
2013,per 1000 births,Male,Population of urban areas,Aktobe,14.28
2013,per 1000 births,Male,Population of urban areas,Almaty,15.42
2013,per 1000 births,Male,Population of urban areas,Atyrau,11.61
2013,per 1000 births,Male,Population of urban areas,Batys Kazakhstan,10.79
2013,per 1000 births,Male,Population of urban areas,Zhambyl,20.8
2013,per 1000 births,Male,Population of urban areas,Karagandy,11.02
2013,per 1000 births,Male,Population of urban areas,Kostanay,17.43
2013,per 1000 births,Male,Population of urban areas,Kyzylorda,16.17
2013,per 1000 births,Male,Population of urban areas,Mangistau,11.46
2013,per 1000 births,Male,Population of urban areas,Ontustik Kazakhstan,19.83
2013,per 1000 births,Male,Population of urban areas,Pavlodar,10.34
2013,per 1000 births,Male,Population of urban areas,Soltustik Kazakhstan,15.49
2013,per 1000 births,Male,Population of urban areas,Shygys Kazakhstan,16.99
2013,per 1000 births,Male,Population of urban areas,Nur-Sultan city,12.56
2013,per 1000 births,Male,Population of urban areas,Almaty city,14.16
2013,per 1000 births,Male,Population of rural areas,,16.93
2013,per 1000 births,Male,Population of rural areas,Akmola,17.78
2013,per 1000 births,Male,Population of rural areas,Aktobe,17.37
2013,per 1000 births,Male,Population of rural areas,Almaty,14.03
2013,per 1000 births,Male,Population of rural areas,Atyrau,13.69
2013,per 1000 births,Male,Population of rural areas,Batys Kazakhstan,12.74
2013,per 1000 births,Male,Population of rural areas,Zhambyl,15.04
2013,per 1000 births,Male,Population of rural areas,Karagandy,18.95
2013,per 1000 births,Male,Population of rural areas,Kostanay,16.55
2013,per 1000 births,Male,Population of rural areas,Kyzylorda,24.54
2013,per 1000 births,Male,Population of rural areas,Mangistau,14.37
2013,per 1000 births,Male,Population of rural areas,Ontustik Kazakhstan,19.23
2013,per 1000 births,Male,Population of rural areas,Pavlodar,15.44
2013,per 1000 births,Male,Population of rural areas,Soltustik Kazakhstan,12.61
2013,per 1000 births,Male,Population of rural areas,Shygys Kazakhstan,20.38
2013,per 1000 births,Female,,,12.38
2013,per 1000 births,Female,,Akmola,12.04
2013,per 1000 births,Female,,Aktobe,11.59
2013,per 1000 births,Female,,Almaty,10.03
2013,per 1000 births,Female,,Atyrau,11.11
2013,per 1000 births,Female,,Batys Kazakhstan,7.62
2013,per 1000 births,Female,,Zhambyl,15.86
2013,per 1000 births,Female,,Karagandy,10.48
2013,per 1000 births,Female,,Kostanay,11.21
2013,per 1000 births,Female,,Kyzylorda,18.51
2013,per 1000 births,Female,,Mangistau,10.52
2013,per 1000 births,Female,,Ontustik Kazakhstan,15.35
2013,per 1000 births,Female,,Pavlodar,8.62
2013,per 1000 births,Female,,Soltustik Kazakhstan,13.41
2013,per 1000 births,Female,,Shygys Kazakhstan,13.02
2013,per 1000 births,Female,,Nur-Sultan city,10.56
2013,per 1000 births,Female,,Almaty city,9.43
2013,per 1000 births,Female,Population of urban areas,,12.22
2013,per 1000 births,Female,Population of urban areas,Akmola,15.05
2013,per 1000 births,Female,Population of urban areas,Aktobe,12.15
2013,per 1000 births,Female,Population of urban areas,Almaty,9.98
2013,per 1000 births,Female,Population of urban areas,Atyrau,10.93
2013,per 1000 births,Female,Population of urban areas,Batys Kazakhstan,7.59
2013,per 1000 births,Female,Population of urban areas,Zhambyl,21.63
2013,per 1000 births,Female,Population of urban areas,Karagandy,10.81
2013,per 1000 births,Female,Population of urban areas,Kostanay,8.92
2013,per 1000 births,Female,Population of urban areas,Kyzylorda,18.68
2013,per 1000 births,Female,Population of urban areas,Mangistau,9.96
2013,per 1000 births,Female,Population of urban areas,Ontustik Kazakhstan,15.54
2013,per 1000 births,Female,Population of urban areas,Pavlodar,9.31
2013,per 1000 births,Female,Population of urban areas,Soltustik Kazakhstan,10.82
2013,per 1000 births,Female,Population of urban areas,Shygys Kazakhstan,12.11
2013,per 1000 births,Female,Population of urban areas,Nur-Sultan city,10.56
2013,per 1000 births,Female,Population of urban areas,Almaty city,9.43
2013,per 1000 births,Female,Population of rural areas,,12.58
2013,per 1000 births,Female,Population of rural areas,Akmola,8.74
2013,per 1000 births,Female,Population of rural areas,Aktobe,10.53
2013,per 1000 births,Female,Population of rural areas,Almaty,10.04
2013,per 1000 births,Female,Population of rural areas,Atyrau,11.31
2013,per 1000 births,Female,Population of rural areas,Batys Kazakhstan,7.66
2013,per 1000 births,Female,Population of rural areas,Zhambyl,12.17
2013,per 1000 births,Female,Population of rural areas,Karagandy,9.25
2013,per 1000 births,Female,Population of rural areas,Kostanay,14.2
2013,per 1000 births,Female,Population of rural areas,Kyzylorda,18.36
2013,per 1000 births,Female,Population of rural areas,Mangistau,11.02
2013,per 1000 births,Female,Population of rural areas,Ontustik Kazakhstan,15.22
2013,per 1000 births,Female,Population of rural areas,Pavlodar,7.13
2013,per 1000 births,Female,Population of rural areas,Soltustik Kazakhstan,15.53
2013,per 1000 births,Female,Population of rural areas,Shygys Kazakhstan,14.46
2014,per 1000 births,Boys and Girls,,,12.35
2014,per 1000 births,Boys and Girls,,Akmola,11.95
2014,per 1000 births,Boys and Girls,,Aktobe,11.77
2014,per 1000 births,Boys and Girls,,Almaty,11.27
2014,per 1000 births,Boys and Girls,,Atyrau,11.72
2014,per 1000 births,Boys and Girls,,Batys Kazakhstan,10.89
2014,per 1000 births,Boys and Girls,,Zhambyl,13.29
2014,per 1000 births,Boys and Girls,,Karagandy,10.92
2014,per 1000 births,Boys and Girls,,Kostanay,14.1
2014,per 1000 births,Boys and Girls,,Kyzylorda,16.95
2014,per 1000 births,Boys and Girls,,Mangistau,11.36
2014,per 1000 births,Boys and Girls,,Ontustik Kazakhstan,15.0
2014,per 1000 births,Boys and Girls,,Pavlodar,9.89
2014,per 1000 births,Boys and Girls,,Soltustik Kazakhstan,10.83
2014,per 1000 births,Boys and Girls,,Shygys Kazakhstan,13.23
2014,per 1000 births,Boys and Girls,,Nur-Sultan city,8.3
2014,per 1000 births,Boys and Girls,,Almaty city,9.4
2014,per 1000 births,Boys and Girls,Population of urban areas,,11.94
2014,per 1000 births,Boys and Girls,Population of urban areas,Akmola,11.39
2014,per 1000 births,Boys and Girls,Population of urban areas,Aktobe,12.22
2014,per 1000 births,Boys and Girls,Population of urban areas,Almaty,10.3
2014,per 1000 births,Boys and Girls,Population of urban areas,Atyrau,10.8
2014,per 1000 births,Boys and Girls,Population of urban areas,Batys Kazakhstan,10.76
2014,per 1000 births,Boys and Girls,Population of urban areas,Zhambyl,17.59
2014,per 1000 births,Boys and Girls,Population of urban areas,Karagandy,10.06
2014,per 1000 births,Boys and Girls,Population of urban areas,Kostanay,13.53
2014,per 1000 births,Boys and Girls,Population of urban areas,Kyzylorda,16.89
2014,per 1000 births,Boys and Girls,Population of urban areas,Mangistau,11.73
2014,per 1000 births,Boys and Girls,Population of urban areas,Ontustik Kazakhstan,15.67
2014,per 1000 births,Boys and Girls,Population of urban areas,Pavlodar,8.8
2014,per 1000 births,Boys and Girls,Population of urban areas,Soltustik Kazakhstan,9.03
2014,per 1000 births,Boys and Girls,Population of urban areas,Shygys Kazakhstan,13.12
2014,per 1000 births,Boys and Girls,Population of urban areas,Nur-Sultan city,8.3
2014,per 1000 births,Boys and Girls,Population of urban areas,Almaty city,9.4
2014,per 1000 births,Boys and Girls,Population of rural areas,,12.86
2014,per 1000 births,Boys and Girls,Population of rural areas,Akmola,12.58
2014,per 1000 births,Boys and Girls,Population of rural areas,Aktobe,10.91
2014,per 1000 births,Boys and Girls,Population of rural areas,Almaty,11.6
2014,per 1000 births,Boys and Girls,Population of rural areas,Atyrau,12.62
2014,per 1000 births,Boys and Girls,Population of rural areas,Batys Kazakhstan,11.04
2014,per 1000 births,Boys and Girls,Population of rural areas,Zhambyl,10.58
2014,per 1000 births,Boys and Girls,Population of rural areas,Karagandy,14.24
2014,per 1000 births,Boys and Girls,Population of rural areas,Kostanay,14.82
2014,per 1000 births,Boys and Girls,Population of rural areas,Kyzylorda,16.99
2014,per 1000 births,Boys and Girls,Population of rural areas,Mangistau,11.02
2014,per 1000 births,Boys and Girls,Population of rural areas,Ontustik Kazakhstan,14.44
2014,per 1000 births,Boys and Girls,Population of rural areas,Pavlodar,12.31
2014,per 1000 births,Boys and Girls,Population of rural areas,Soltustik Kazakhstan,12.45
2014,per 1000 births,Boys and Girls,Population of rural areas,Shygys Kazakhstan,13.42
2014,per 1000 births,Male,,,13.56
2014,per 1000 births,Male,,Akmola,13.58
2014,per 1000 births,Male,,Aktobe,12.08
2014,per 1000 births,Male,,Almaty,12.26
2014,per 1000 births,Male,,Atyrau,12.49
2014,per 1000 births,Male,,Batys Kazakhstan,12.04
2014,per 1000 births,Male,,Zhambyl,14.04
2014,per 1000 births,Male,,Karagandy,12.8
2014,per 1000 births,Male,,Kostanay,15.01
2014,per 1000 births,Male,,Kyzylorda,18.38
2014,per 1000 births,Male,,Mangistau,13.49
2014,per 1000 births,Male,,Ontustik Kazakhstan,16.68
2014,per 1000 births,Male,,Pavlodar,10.15
2014,per 1000 births,Male,,Soltustik Kazakhstan,11.85
2014,per 1000 births,Male,,Shygys Kazakhstan,13.9
2014,per 1000 births,Male,,Nur-Sultan city,9.54
2014,per 1000 births,Male,,Almaty city,10.65
2014,per 1000 births,Male,Population of urban areas,,12.99
2014,per 1000 births,Male,Population of urban areas,Akmola,12.68
2014,per 1000 births,Male,Population of urban areas,Aktobe,12.14
2014,per 1000 births,Male,Population of urban areas,Almaty,9.7
2014,per 1000 births,Male,Population of urban areas,Atyrau,11.32
2014,per 1000 births,Male,Population of urban areas,Batys Kazakhstan,11.01
2014,per 1000 births,Male,Population of urban areas,Zhambyl,18.3
2014,per 1000 births,Male,Population of urban areas,Karagandy,11.68
2014,per 1000 births,Male,Population of urban areas,Kostanay,13.45
2014,per 1000 births,Male,Population of urban areas,Kyzylorda,18.45
2014,per 1000 births,Male,Population of urban areas,Mangistau,14.02
2014,per 1000 births,Male,Population of urban areas,Ontustik Kazakhstan,17.77
2014,per 1000 births,Male,Population of urban areas,Pavlodar,8.03
2014,per 1000 births,Male,Population of urban areas,Soltustik Kazakhstan,8.82
2014,per 1000 births,Male,Population of urban areas,Shygys Kazakhstan,14.22
2014,per 1000 births,Male,Population of urban areas,Nur-Sultan city,9.54
2014,per 1000 births,Male,Population of urban areas,Almaty city,10.65
2014,per 1000 births,Male,Population of rural areas,,14.28
2014,per 1000 births,Male,Population of rural areas,Akmola,14.6
2014,per 1000 births,Male,Population of rural areas,Aktobe,11.97
2014,per 1000 births,Male,Population of rural areas,Almaty,13.12
2014,per 1000 births,Male,Population of rural areas,Atyrau,13.66
2014,per 1000 births,Male,Population of rural areas,Batys Kazakhstan,13.19
2014,per 1000 births,Male,Population of rural areas,Zhambyl,11.34
2014,per 1000 births,Male,Population of rural areas,Karagandy,17.16
2014,per 1000 births,Male,Population of rural areas,Kostanay,16.99
2014,per 1000 births,Male,Population of rural areas,Kyzylorda,18.32
2014,per 1000 births,Male,Population of rural areas,Mangistau,13.01
2014,per 1000 births,Male,Population of rural areas,Ontustik Kazakhstan,15.75
2014,per 1000 births,Male,Population of rural areas,Pavlodar,14.83
2014,per 1000 births,Male,Population of rural areas,Soltustik Kazakhstan,14.69
2014,per 1000 births,Male,Population of rural areas,Shygys Kazakhstan,13.41
2014,per 1000 births,Female,,,11.06
2014,per 1000 births,Female,,Akmola,10.24
2014,per 1000 births,Female,,Aktobe,11.43
2014,per 1000 births,Female,,Almaty,10.22
2014,per 1000 births,Female,,Atyrau,10.88
2014,per 1000 births,Female,,Batys Kazakhstan,9.66
2014,per 1000 births,Female,,Zhambyl,12.5
2014,per 1000 births,Female,,Karagandy,8.92
2014,per 1000 births,Female,,Kostanay,13.15
2014,per 1000 births,Female,,Kyzylorda,15.43
2014,per 1000 births,Female,,Mangistau,9.09
2014,per 1000 births,Female,,Ontustik Kazakhstan,13.23
2014,per 1000 births,Female,,Pavlodar,9.62
2014,per 1000 births,Female,,Soltustik Kazakhstan,9.76
2014,per 1000 births,Female,,Shygys Kazakhstan,12.52
2014,per 1000 births,Female,,Nur-Sultan city,7.0
2014,per 1000 births,Female,,Almaty city,8.06
2014,per 1000 births,Female,Population of urban areas,,10.81
2014,per 1000 births,Female,Population of urban areas,Akmola,10.03
2014,per 1000 births,Female,Population of urban areas,Aktobe,12.32
2014,per 1000 births,Female,Population of urban areas,Almaty,10.93
2014,per 1000 births,Female,Population of urban areas,Atyrau,10.24
2014,per 1000 births,Female,Population of urban areas,Batys Kazakhstan,10.48
2014,per 1000 births,Female,Population of urban areas,Zhambyl,16.85
2014,per 1000 births,Female,Population of urban areas,Karagandy,8.34
2014,per 1000 births,Female,Population of urban areas,Kostanay,13.62
2014,per 1000 births,Female,Population of urban areas,Kyzylorda,15.21
2014,per 1000 births,Female,Population of urban areas,Mangistau,9.34
2014,per 1000 births,Female,Population of urban areas,Ontustik Kazakhstan,13.42
2014,per 1000 births,Female,Population of urban areas,Pavlodar,9.61
2014,per 1000 births,Female,Population of urban areas,Soltustik Kazakhstan,9.25
2014,per 1000 births,Female,Population of urban areas,Shygys Kazakhstan,11.98
2014,per 1000 births,Female,Population of urban areas,Nur-Sultan city,7.0
2014,per 1000 births,Female,Population of urban areas,Almaty city,8.06
2014,per 1000 births,Female,Population of rural areas,,11.36
2014,per 1000 births,Female,Population of rural areas,Akmola,10.47
2014,per 1000 births,Female,Population of rural areas,Aktobe,9.78
2014,per 1000 births,Female,Population of rural areas,Almaty,9.98
2014,per 1000 births,Female,Population of rural areas,Atyrau,11.51
2014,per 1000 births,Female,Population of rural areas,Batys Kazakhstan,8.74
2014,per 1000 births,Female,Population of rural areas,Zhambyl,9.78
2014,per 1000 births,Female,Population of rural areas,Karagandy,11.18
2014,per 1000 births,Female,Population of rural areas,Kostanay,12.57
2014,per 1000 births,Female,Population of rural areas,Kyzylorda,15.62
2014,per 1000 births,Female,Population of rural areas,Mangistau,8.86
2014,per 1000 births,Female,Population of rural areas,Ontustik Kazakhstan,13.07
2014,per 1000 births,Female,Population of rural areas,Pavlodar,9.64
2014,per 1000 births,Female,Population of rural areas,Soltustik Kazakhstan,10.19
2014,per 1000 births,Female,Population of rural areas,Shygys Kazakhstan,13.43
2015,per 1000 births,Boys and Girls,,,12.04
2015,per 1000 births,Boys and Girls,,Akmola,10.02
2015,per 1000 births,Boys and Girls,,Aktobe,12.26
2015,per 1000 births,Boys and Girls,,Almaty,10.77
2015,per 1000 births,Boys and Girls,,Atyrau,9.56
2015,per 1000 births,Boys and Girls,,Batys Kazakhstan,10.64
2015,per 1000 births,Boys and Girls,,Zhambyl,13.87
2015,per 1000 births,Boys and Girls,,Karagandy,11.14
2015,per 1000 births,Boys and Girls,,Kostanay,12.84
2015,per 1000 births,Boys and Girls,,Kyzylorda,15.25
2015,per 1000 births,Boys and Girls,,Mangistau,12.33
2015,per 1000 births,Boys and Girls,,Ontustik Kazakhstan,14.67
2015,per 1000 births,Boys and Girls,,Pavlodar,9.08
2015,per 1000 births,Boys and Girls,,Soltustik Kazakhstan,10.21
2015,per 1000 births,Boys and Girls,,Shygys Kazakhstan,12.19
2015,per 1000 births,Boys and Girls,,Nur-Sultan city,8.95
2015,per 1000 births,Boys and Girls,,Almaty city,10.37
2015,per 1000 births,Boys and Girls,Population of urban areas,,11.78
2015,per 1000 births,Boys and Girls,Population of urban areas,Akmola,10.67
2015,per 1000 births,Boys and Girls,Population of urban areas,Aktobe,11.91
2015,per 1000 births,Boys and Girls,Population of urban areas,Almaty,11.2
2015,per 1000 births,Boys and Girls,Population of urban areas,Atyrau,8.78
2015,per 1000 births,Boys and Girls,Population of urban areas,Batys Kazakhstan,11.17
2015,per 1000 births,Boys and Girls,Population of urban areas,Zhambyl,18.17
2015,per 1000 births,Boys and Girls,Population of urban areas,Karagandy,10.7
2015,per 1000 births,Boys and Girls,Population of urban areas,Kostanay,13.98
2015,per 1000 births,Boys and Girls,Population of urban areas,Kyzylorda,16.79
2015,per 1000 births,Boys and Girls,Population of urban areas,Mangistau,10.3
2015,per 1000 births,Boys and Girls,Population of urban areas,Ontustik Kazakhstan,14.24
2015,per 1000 births,Boys and Girls,Population of urban areas,Pavlodar,8.83
2015,per 1000 births,Boys and Girls,Population of urban areas,Soltustik Kazakhstan,9.8
2015,per 1000 births,Boys and Girls,Population of urban areas,Shygys Kazakhstan,11.81
2015,per 1000 births,Boys and Girls,Population of urban areas,Nur-Sultan city,8.95
2015,per 1000 births,Boys and Girls,Population of urban areas,Almaty city,10.37
2015,per 1000 births,Boys and Girls,Population of rural areas,,12.37
2015,per 1000 births,Boys and Girls,Population of rural areas,Akmola,9.28
2015,per 1000 births,Boys and Girls,Population of rural areas,Aktobe,12.95
2015,per 1000 births,Boys and Girls,Population of rural areas,Almaty,10.61
2015,per 1000 births,Boys and Girls,Population of rural areas,Atyrau,10.34
2015,per 1000 births,Boys and Girls,Population of rural areas,Batys Kazakhstan,10.02
2015,per 1000 births,Boys and Girls,Population of rural areas,Zhambyl,11.01
2015,per 1000 births,Boys and Girls,Population of rural areas,Karagandy,12.87
2015,per 1000 births,Boys and Girls,Population of rural areas,Kostanay,11.4
2015,per 1000 births,Boys and Girls,Population of rural areas,Kyzylorda,13.88
2015,per 1000 births,Boys and Girls,Population of rural areas,Mangistau,13.81
2015,per 1000 births,Boys and Girls,Population of rural areas,Ontustik Kazakhstan,15.05
2015,per 1000 births,Boys and Girls,Population of rural areas,Pavlodar,9.68
2015,per 1000 births,Boys and Girls,Population of rural areas,Soltustik Kazakhstan,10.58
2015,per 1000 births,Boys and Girls,Population of rural areas,Shygys Kazakhstan,12.84
2015,per 1000 births,Male,,,13.35
2015,per 1000 births,Male,,Akmola,10.41
2015,per 1000 births,Male,,Aktobe,13.76
2015,per 1000 births,Male,,Almaty,12.56
2015,per 1000 births,Male,,Atyrau,9.22
2015,per 1000 births,Male,,Batys Kazakhstan,10.76
2015,per 1000 births,Male,,Zhambyl,15.28
2015,per 1000 births,Male,,Karagandy,12.87
2015,per 1000 births,Male,,Kostanay,13.95
2015,per 1000 births,Male,,Kyzylorda,16.75
2015,per 1000 births,Male,,Mangistau,14.59
2015,per 1000 births,Male,,Ontustik Kazakhstan,16.3
2015,per 1000 births,Male,,Pavlodar,10.3
2015,per 1000 births,Male,,Soltustik Kazakhstan,10.36
2015,per 1000 births,Male,,Shygys Kazakhstan,13.32
2015,per 1000 births,Male,,Nur-Sultan city,10.07
2015,per 1000 births,Male,,Almaty city,11.29
2015,per 1000 births,Male,Population of urban areas,,13.01
2015,per 1000 births,Male,Population of urban areas,Akmola,11.16
2015,per 1000 births,Male,Population of urban areas,Aktobe,12.61
2015,per 1000 births,Male,Population of urban areas,Almaty,12.62
2015,per 1000 births,Male,Population of urban areas,Atyrau,10.42
2015,per 1000 births,Male,Population of urban areas,Batys Kazakhstan,10.59
2015,per 1000 births,Male,Population of urban areas,Zhambyl,20.26
2015,per 1000 births,Male,Population of urban areas,Karagandy,12.61
2015,per 1000 births,Male,Population of urban areas,Kostanay,15.76
2015,per 1000 births,Male,Population of urban areas,Kyzylorda,19.36
2015,per 1000 births,Male,Population of urban areas,Mangistau,10.87
2015,per 1000 births,Male,Population of urban areas,Ontustik Kazakhstan,15.75
2015,per 1000 births,Male,Population of urban areas,Pavlodar,9.39
2015,per 1000 births,Male,Population of urban areas,Soltustik Kazakhstan,10.41
2015,per 1000 births,Male,Population of urban areas,Shygys Kazakhstan,12.36
2015,per 1000 births,Male,Population of urban areas,Nur-Sultan city,10.07
2015,per 1000 births,Male,Population of urban areas,Almaty city,11.29
2015,per 1000 births,Male,Population of rural areas,,13.81
2015,per 1000 births,Male,Population of rural areas,Akmola,9.56
2015,per 1000 births,Male,Population of rural areas,Aktobe,16.05
2015,per 1000 births,Male,Population of rural areas,Almaty,12.54
2015,per 1000 births,Male,Population of rural areas,Atyrau,8.09
2015,per 1000 births,Male,Population of rural areas,Batys Kazakhstan,10.96
2015,per 1000 births,Male,Population of rural areas,Zhambyl,11.9
2015,per 1000 births,Male,Population of rural areas,Karagandy,13.85
2015,per 1000 births,Male,Population of rural areas,Kostanay,11.57
2015,per 1000 births,Male,Population of rural areas,Kyzylorda,14.42
2015,per 1000 births,Male,Population of rural areas,Mangistau,17.31
2015,per 1000 births,Male,Population of rural areas,Ontustik Kazakhstan,16.78
2015,per 1000 births,Male,Population of rural areas,Pavlodar,12.44
2015,per 1000 births,Male,Population of rural areas,Soltustik Kazakhstan,10.3
2015,per 1000 births,Male,Population of rural areas,Shygys Kazakhstan,14.98
2015,per 1000 births,Female,,,10.64
2015,per 1000 births,Female,,Akmola,9.6
2015,per 1000 births,Female,,Aktobe,10.64
2015,per 1000 births,Female,,Almaty,8.87
2015,per 1000 births,Female,,Atyrau,9.91
2015,per 1000 births,Female,,Batys Kazakhstan,10.5
2015,per 1000 births,Female,,Zhambyl,12.37
2015,per 1000 births,Female,,Karagandy,9.32
2015,per 1000 births,Female,,Kostanay,11.66
2015,per 1000 births,Female,,Kyzylorda,13.63
2015,per 1000 births,Female,,Mangistau,9.89
2015,per 1000 births,Female,,Ontustik Kazakhstan,12.95
2015,per 1000 births,Female,,Pavlodar,7.82
2015,per 1000 births,Female,,Soltustik Kazakhstan,10.04
2015,per 1000 births,Female,,Shygys Kazakhstan,11.0
2015,per 1000 births,Female,,Nur-Sultan city,7.8
2015,per 1000 births,Female,,Almaty city,9.36
2015,per 1000 births,Female,Population of urban areas,,10.48
2015,per 1000 births,Female,Population of urban areas,Akmola,10.15
2015,per 1000 births,Female,Population of urban areas,Aktobe,11.16
2015,per 1000 births,Female,Population of urban areas,Almaty,9.7
2015,per 1000 births,Female,Population of urban areas,Atyrau,7.12
2015,per 1000 births,Female,Population of urban areas,Batys Kazakhstan,11.79
2015,per 1000 births,Female,Population of urban areas,Zhambyl,15.88
2015,per 1000 births,Female,Population of urban areas,Karagandy,8.7
2015,per 1000 births,Female,Population of urban areas,Kostanay,12.02
2015,per 1000 births,Female,Population of urban areas,Kyzylorda,14.0
2015,per 1000 births,Female,Population of urban areas,Mangistau,9.69
2015,per 1000 births,Female,Population of urban areas,Ontustik Kazakhstan,12.63
2015,per 1000 births,Female,Population of urban areas,Pavlodar,8.23
2015,per 1000 births,Female,Population of urban areas,Soltustik Kazakhstan,9.13
2015,per 1000 births,Female,Population of urban areas,Shygys Kazakhstan,11.22
2015,per 1000 births,Female,Population of urban areas,Nur-Sultan city,7.8
2015,per 1000 births,Female,Population of urban areas,Almaty city,9.36
2015,per 1000 births,Female,Population of rural areas,,10.85
2015,per 1000 births,Female,Population of rural areas,Akmola,8.99
2015,per 1000 births,Female,Population of rural areas,Aktobe,9.6
2015,per 1000 births,Female,Population of rural areas,Almaty,8.57
2015,per 1000 births,Female,Population of rural areas,Atyrau,12.84
2015,per 1000 births,Female,Population of rural areas,Batys Kazakhstan,9.0
2015,per 1000 births,Female,Population of rural areas,Zhambyl,10.09
2015,per 1000 births,Female,Population of rural areas,Karagandy,11.8
2015,per 1000 births,Female,Population of rural areas,Kostanay,11.23
2015,per 1000 births,Female,Population of rural areas,Kyzylorda,13.31
2015,per 1000 births,Female,Population of rural areas,Mangistau,10.05
2015,per 1000 births,Female,Population of rural areas,Ontustik Kazakhstan,13.22
2015,per 1000 births,Female,Population of rural areas,Pavlodar,6.87
2015,per 1000 births,Female,Population of rural areas,Soltustik Kazakhstan,10.89
2015,per 1000 births,Female,Population of rural areas,Shygys Kazakhstan,10.63
2016,per 1000 births,Boys and Girls,,,10.79
2016,per 1000 births,Boys and Girls,,Akmola,9.6
2016,per 1000 births,Boys and Girls,,Aktobe,10.27
2016,per 1000 births,Boys and Girls,,Almaty,9.61
2016,per 1000 births,Boys and Girls,,Atyrau,10.94
2016,per 1000 births,Boys and Girls,,Batys Kazakhstan,9.56
2016,per 1000 births,Boys and Girls,,Zhambyl,11.63
2016,per 1000 births,Boys and Girls,,Karagandy,9.9
2016,per 1000 births,Boys and Girls,,Kostanay,11.39
2016,per 1000 births,Boys and Girls,,Kyzylorda,13.55
2016,per 1000 births,Boys and Girls,,Mangistau,11.52
2016,per 1000 births,Boys and Girls,,Ontustik Kazakhstan,13.12
2016,per 1000 births,Boys and Girls,,Pavlodar,9.12
2016,per 1000 births,Boys and Girls,,Soltustik Kazakhstan,8.58
2016,per 1000 births,Boys and Girls,,Shygys Kazakhstan,11.61
2016,per 1000 births,Boys and Girls,,Nur-Sultan city,7.86
2016,per 1000 births,Boys and Girls,,Almaty city,8.71
2016,per 1000 births,Boys and Girls,Population of urban areas,,10.13
2016,per 1000 births,Boys and Girls,Population of urban areas,Akmola,8.92
2016,per 1000 births,Boys and Girls,Population of urban areas,Aktobe,9.67
2016,per 1000 births,Boys and Girls,Population of urban areas,Almaty,10.64
2016,per 1000 births,Boys and Girls,Population of urban areas,Atyrau,10.85
2016,per 1000 births,Boys and Girls,Population of urban areas,Batys Kazakhstan,9.42
2016,per 1000 births,Boys and Girls,Population of urban areas,Zhambyl,13.35
2016,per 1000 births,Boys and Girls,Population of urban areas,Karagandy,9.6
2016,per 1000 births,Boys and Girls,Population of urban areas,Kostanay,10.68
2016,per 1000 births,Boys and Girls,Population of urban areas,Kyzylorda,15.8
2016,per 1000 births,Boys and Girls,Population of urban areas,Mangistau,10.73
2016,per 1000 births,Boys and Girls,Population of urban areas,Ontustik Kazakhstan,11.36
2016,per 1000 births,Boys and Girls,Population of urban areas,Pavlodar,8.63
2016,per 1000 births,Boys and Girls,Population of urban areas,Soltustik Kazakhstan,6.62
2016,per 1000 births,Boys and Girls,Population of urban areas,Shygys Kazakhstan,10.58
2016,per 1000 births,Boys and Girls,Population of urban areas,Nur-Sultan city,7.86
2016,per 1000 births,Boys and Girls,Population of urban areas,Almaty city,8.71
2016,per 1000 births,Boys and Girls,Population of rural areas,,11.68
2016,per 1000 births,Boys and Girls,Population of rural areas,Akmola,10.4
2016,per 1000 births,Boys and Girls,Population of rural areas,Aktobe,11.44
2016,per 1000 births,Boys and Girls,Population of rural areas,Almaty,9.27
2016,per 1000 births,Boys and Girls,Population of rural areas,Atyrau,11.03
2016,per 1000 births,Boys and Girls,Population of rural areas,Batys Kazakhstan,9.73
2016,per 1000 births,Boys and Girls,Population of rural areas,Zhambyl,10.47
2016,per 1000 births,Boys and Girls,Population of rural areas,Karagandy,11.1
2016,per 1000 births,Boys and Girls,Population of rural areas,Kostanay,12.33
2016,per 1000 births,Boys and Girls,Population of rural areas,Kyzylorda,11.48
2016,per 1000 births,Boys and Girls,Population of rural areas,Mangistau,12.15
2016,per 1000 births,Boys and Girls,Population of rural areas,Ontustik Kazakhstan,14.73
2016,per 1000 births,Boys and Girls,Population of rural areas,Pavlodar,10.24
2016,per 1000 births,Boys and Girls,Population of rural areas,Soltustik Kazakhstan,10.47
2016,per 1000 births,Boys and Girls,Population of rural areas,Shygys Kazakhstan,13.44
2016,per 1000 births,Male,,,12.04
2016,per 1000 births,Male,,Akmola,10.23
2016,per 1000 births,Male,,Aktobe,12.27
2016,per 1000 births,Male,,Almaty,10.57
2016,per 1000 births,Male,,Atyrau,10.78
2016,per 1000 births,Male,,Batys Kazakhstan,11.11
2016,per 1000 births,Male,,Zhambyl,12.74
2016,per 1000 births,Male,,Karagandy,11.24
2016,per 1000 births,Male,,Kostanay,11.74
2016,per 1000 births,Male,,Kyzylorda,14.8
2016,per 1000 births,Male,,Mangistau,12.42
2016,per 1000 births,Male,,Ontustik Kazakhstan,15.19
2016,per 1000 births,Male,,Pavlodar,10.07
2016,per 1000 births,Male,,Soltustik Kazakhstan,10.63
2016,per 1000 births,Male,,Shygys Kazakhstan,12.82
2016,per 1000 births,Male,,Nur-Sultan city,8.25
2016,per 1000 births,Male,,Almaty city,10.03
2016,per 1000 births,Male,Population of urban areas,,11.53
2016,per 1000 births,Male,Population of urban areas,Akmola,10.37
2016,per 1000 births,Male,Population of urban areas,Aktobe,12.2
2016,per 1000 births,Male,Population of urban areas,Almaty,12.66
2016,per 1000 births,Male,Population of urban areas,Atyrau,9.82
2016,per 1000 births,Male,Population of urban areas,Batys Kazakhstan,11.02
2016,per 1000 births,Male,Population of urban areas,Zhambyl,16.45
2016,per 1000 births,Male,Population of urban areas,Karagandy,11.08
2016,per 1000 births,Male,Population of urban areas,Kostanay,10.54
2016,per 1000 births,Male,Population of urban areas,Kyzylorda,18.1
2016,per 1000 births,Male,Population of urban areas,Mangistau,12.94
2016,per 1000 births,Male,Population of urban areas,Ontustik Kazakhstan,13.03
2016,per 1000 births,Male,Population of urban areas,Pavlodar,9.09
2016,per 1000 births,Male,Population of urban areas,Soltustik Kazakhstan,7.19
2016,per 1000 births,Male,Population of urban areas,Shygys Kazakhstan,12.08
2016,per 1000 births,Male,Population of urban areas,Nur-Sultan city,8.25
2016,per 1000 births,Male,Population of urban areas,Almaty city,10.03
2016,per 1000 births,Male,Population of rural areas,,12.73
2016,per 1000 births,Male,Population of rural areas,Akmola,10.06
2016,per 1000 births,Male,Population of rural areas,Aktobe,12.4
2016,per 1000 births,Male,Population of rural areas,Almaty,9.88
2016,per 1000 births,Male,Population of rural areas,Atyrau,11.83
2016,per 1000 births,Male,Population of rural areas,Batys Kazakhstan,11.23
2016,per 1000 births,Male,Population of rural areas,Zhambyl,10.25
2016,per 1000 births,Male,Population of rural areas,Karagandy,11.89
2016,per 1000 births,Male,Population of rural areas,Kostanay,13.29
2016,per 1000 births,Male,Population of rural areas,Kyzylorda,11.72
2016,per 1000 births,Male,Population of rural areas,Mangistau,12.01
2016,per 1000 births,Male,Population of rural areas,Ontustik Kazakhstan,17.17
2016,per 1000 births,Male,Population of rural areas,Pavlodar,12.4
2016,per 1000 births,Male,Population of rural areas,Soltustik Kazakhstan,13.97
2016,per 1000 births,Male,Population of rural areas,Shygys Kazakhstan,14.12
2016,per 1000 births,Female,,,9.45
2016,per 1000 births,Female,,Akmola,8.94
2016,per 1000 births,Female,,Aktobe,8.14
2016,per 1000 births,Female,,Almaty,8.57
2016,per 1000 births,Female,,Atyrau,11.1
2016,per 1000 births,Female,,Batys Kazakhstan,7.83
2016,per 1000 births,Female,,Zhambyl,10.47
2016,per 1000 births,Female,,Karagandy,8.48
2016,per 1000 births,Female,,Kostanay,11.01
2016,per 1000 births,Female,,Kyzylorda,12.19
2016,per 1000 births,Female,,Mangistau,10.56
2016,per 1000 births,Female,,Ontustik Kazakhstan,10.91
2016,per 1000 births,Female,,Pavlodar,8.09
2016,per 1000 births,Female,,Soltustik Kazakhstan,6.41
2016,per 1000 births,Female,,Shygys Kazakhstan,10.29
2016,per 1000 births,Female,,Nur-Sultan city,7.46
2016,per 1000 births,Female,,Almaty city,7.29
2016,per 1000 births,Female,Population of urban areas,,8.64
2016,per 1000 births,Female,Population of urban areas,Akmola,7.38
2016,per 1000 births,Female,Population of urban areas,Aktobe,6.95
2016,per 1000 births,Female,Population of urban areas,Almaty,8.45
2016,per 1000 births,Female,Population of urban areas,Atyrau,11.96
2016,per 1000 births,Female,Population of urban areas,Batys Kazakhstan,7.66
2016,per 1000 births,Female,Population of urban areas,Zhambyl,10.12
2016,per 1000 births,Female,Population of urban areas,Karagandy,8.06
2016,per 1000 births,Female,Population of urban areas,Kostanay,10.83
2016,per 1000 births,Female,Population of urban areas,Kyzylorda,13.25
2016,per 1000 births,Female,Population of urban areas,Mangistau,8.41
2016,per 1000 births,Female,Population of urban areas,Ontustik Kazakhstan,9.57
2016,per 1000 births,Female,Population of urban areas,Pavlodar,8.13
2016,per 1000 births,Female,Population of urban areas,Soltustik Kazakhstan,6.0
2016,per 1000 births,Female,Population of urban areas,Shygys Kazakhstan,8.95
2016,per 1000 births,Female,Population of urban areas,Nur-Sultan city,7.46
2016,per 1000 births,Female,Population of urban areas,Almaty city,7.29
2016,per 1000 births,Female,Population of rural areas,,10.55
2016,per 1000 births,Female,Population of rural areas,Akmola,10.76
2016,per 1000 births,Female,Population of rural areas,Aktobe,10.45
2016,per 1000 births,Female,Population of rural areas,Almaty,8.61
2016,per 1000 births,Female,Population of rural areas,Atyrau,10.19
2016,per 1000 births,Female,Population of rural areas,Batys Kazakhstan,8.06
2016,per 1000 births,Female,Population of rural areas,Zhambyl,10.7
2016,per 1000 births,Female,Population of rural areas,Karagandy,10.23
2016,per 1000 births,Female,Population of rural areas,Kostanay,11.26
2016,per 1000 births,Female,Population of rural areas,Kyzylorda,11.22
2016,per 1000 births,Female,Population of rural areas,Mangistau,12.3
2016,per 1000 births,Female,Population of rural areas,Ontustik Kazakhstan,12.12
2016,per 1000 births,Female,Population of rural areas,Pavlodar,8.0
2016,per 1000 births,Female,Population of rural areas,Soltustik Kazakhstan,6.8
2016,per 1000 births,Female,Population of rural areas,Shygys Kazakhstan,12.69
2017,per 1000 births,Boys and Girls,,,10.24
2017,per 1000 births,Boys and Girls,,Akmola,10.08
2017,per 1000 births,Boys and Girls,,Aktobe,9.3
2017,per 1000 births,Boys and Girls,,Almaty,10.43
2017,per 1000 births,Boys and Girls,,Atyrau,9.67
2017,per 1000 births,Boys and Girls,,Batys Kazakhstan,8.63
2017,per 1000 births,Boys and Girls,,Zhambyl,10.96
2017,per 1000 births,Boys and Girls,,Karagandy,9.95
2017,per 1000 births,Boys and Girls,,Kostanay,12.27
2017,per 1000 births,Boys and Girls,,Kyzylorda,11.54
2017,per 1000 births,Boys and Girls,,Mangistau,10.11
2017,per 1000 births,Boys and Girls,,Ontustik Kazakhstan,12.1
2017,per 1000 births,Boys and Girls,,Pavlodar,10.06
2017,per 1000 births,Boys and Girls,,Soltustik Kazakhstan,11.37
2017,per 1000 births,Boys and Girls,,Shygys Kazakhstan,9.16
2017,per 1000 births,Boys and Girls,,Nur-Sultan city,7.0
2017,per 1000 births,Boys and Girls,,Almaty city,8.5
2017,per 1000 births,Boys and Girls,Population of urban areas,,9.34550600184265
2017,per 1000 births,Boys and Girls,Population of urban areas,Akmola,8.53008377760853
2017,per 1000 births,Boys and Girls,Population of urban areas,Aktobe,8.069474331386413
2017,per 1000 births,Boys and Girls,Population of urban areas,Almaty,9.424330479855492
2017,per 1000 births,Boys and Girls,Population of urban areas,Atyrau,9.70638194612958
2017,per 1000 births,Boys and Girls,Population of urban areas,Batys Kazakhstan,8.67091180056903
2017,per 1000 births,Boys and Girls,Population of urban areas,Zhambyl,11.77877979203092
2017,per 1000 births,Boys and Girls,Population of urban areas,Karagandy,10.3592682389244
2017,per 1000 births,Boys and Girls,Population of urban areas,Kostanay,10.61320754716981
2017,per 1000 births,Boys and Girls,Population of urban areas,Kyzylorda,11.173802411771216
2017,per 1000 births,Boys and Girls,Population of urban areas,Mangistau,7.215480485405051
2017,per 1000 births,Boys and Girls,Population of urban areas,Ontustik Kazakhstan,11.142630785351018
2017,per 1000 births,Boys and Girls,Population of urban areas,Pavlodar,10.378146248359776
2017,per 1000 births,Boys and Girls,Population of urban areas,Soltustik Kazakhstan,11.24543154343548
2017,per 1000 births,Boys and Girls,Population of urban areas,Shygys Kazakhstan,7.909045971329707
2017,per 1000 births,Boys and Girls,Population of urban areas,Nur-Sultan city,7.002404866317725
2017,per 1000 births,Boys and Girls,Population of urban areas,Almaty city,8.4969608248735
2017,per 1000 births,Boys and Girls,Population of rural areas,,11.486093687849952
2017,per 1000 births,Boys and Girls,Population of rural areas,Akmola,11.842563566701497
2017,per 1000 births,Boys and Girls,Population of rural areas,Aktobe,11.916421808684296
2017,per 1000 births,Boys and Girls,Population of rural areas,Almaty,10.76885893063351
2017,per 1000 births,Boys and Girls,Population of rural areas,Atyrau,9.63297158883063
2017,per 1000 births,Boys and Girls,Population of rural areas,Batys Kazakhstan,8.578207702135426
2017,per 1000 births,Boys and Girls,Population of rural areas,Zhambyl,10.384615384615383
2017,per 1000 births,Boys and Girls,Population of rural areas,Karagandy,8.318739054290718
2017,per 1000 births,Boys and Girls,Population of rural areas,Kostanay,14.539579967689823
2017,per 1000 births,Boys and Girls,Population of rural areas,Kyzylorda,11.868839267752966
2017,per 1000 births,Boys and Girls,Population of rural areas,Mangistau,12.703996872862309
2017,per 1000 births,Boys and Girls,Population of rural areas,Ontustik Kazakhstan,13.045659809332664
2017,per 1000 births,Boys and Girls,Population of rural areas,Pavlodar,9.335529928610654
2017,per 1000 births,Boys and Girls,Population of rural areas,Soltustik Kazakhstan,11.488250652741511
2017,per 1000 births,Boys and Girls,Population of rural areas,Shygys Kazakhstan,11.370735974009746
2017,per 1000 births,Male,,,11.246257856024108
2017,per 1000 births,Male,,Akmola,10.534591194968552
2017,per 1000 births,Male,,Aktobe,8.802995041991299
2017,per 1000 births,Male,,Almaty,11.61803303998765
2017,per 1000 births,Male,,Atyrau,9.665252239509664
2017,per 1000 births,Male,,Batys Kazakhstan,8.902972687490568
2017,per 1000 births,Male,,Zhambyl,12.537576068626732
2017,per 1000 births,Male,,Karagandy,11.205930523230755
2017,per 1000 births,Male,,Kostanay,14.224983649444082
2017,per 1000 births,Male,,Kyzylorda,12.928840476432862
2017,per 1000 births,Male,,Mangistau,11.333134506412168
2017,per 1000 births,Male,,Ontustik Kazakhstan,13.54036352932519
2017,per 1000 births,Male,,Pavlodar,11.683738796414854
2017,per 1000 births,Male,,Soltustik Kazakhstan,11.25703564727955
2017,per 1000 births,Male,,Shygys Kazakhstan,10.154950538387464
2017,per 1000 births,Male,,Nur-Sultan city,7.676108959989131
2017,per 1000 births,Male,,Almaty city,9.04313821336918
2017,per 1000 births,Male,Population of urban areas,,9.944902171502653
2017,per 1000 births,Male,Population of urban areas,Akmola,7.320644216691069
2017,per 1000 births,Male,Population of urban areas,Aktobe,7.988165680473372
2017,per 1000 births,Male,Population of urban areas,Almaty,10.997403390866046
2017,per 1000 births,Male,Population of urban areas,Atyrau,8.837209302325581
2017,per 1000 births,Male,Population of urban areas,Batys Kazakhstan,7.884362680683311
2017,per 1000 births,Male,Population of urban areas,Zhambyl,14.061654948620877
2017,per 1000 births,Male,Population of urban areas,Karagandy,11.907339250920112
2017,per 1000 births,Male,Population of urban areas,Kostanay,11.19724375538329
2017,per 1000 births,Male,Population of urban areas,Kyzylorda,11.610406364222747
2017,per 1000 births,Male,Population of urban areas,Mangistau,7.880724174653888
2017,per 1000 births,Male,Population of urban areas,Ontustik Kazakhstan,11.413607391669547
2017,per 1000 births,Male,Population of urban areas,Pavlodar,11.826245167159426
2017,per 1000 births,Male,Population of urban areas,Soltustik Kazakhstan,9.539842873176209
2017,per 1000 births,Male,Population of urban areas,Shygys Kazakhstan,9.315068493150685
2017,per 1000 births,Male,Population of urban areas,Nur-Sultan city,7.676108959989131
2017,per 1000 births,Male,Population of urban areas,Almaty city,9.04313821336918
2017,per 1000 births,Male,Population of rural areas,,13.051709856821676
2017,per 1000 births,Male,Population of rural areas,Akmola,14.261460101867572
2017,per 1000 births,Male,Population of rural areas,Aktobe,10.566762728146012
2017,per 1000 births,Male,Population of rural areas,Almaty,11.827901451371314
2017,per 1000 births,Male,Population of rural areas,Atyrau,10.516252390057362
2017,per 1000 births,Male,Population of rural areas,Batys Kazakhstan,10.276399716513112
2017,per 1000 births,Male,Population of rural areas,Zhambyl,11.492832427088482
2017,per 1000 births,Male,Population of rural areas,Karagandy,8.463817181548878
2017,per 1000 births,Male,Population of rural areas,Kostanay,18.230155715913405
2017,per 1000 births,Male,Population of rural areas,Kyzylorda,14.11446249033256
2017,per 1000 births,Male,Population of rural areas,Mangistau,14.35495898583147
2017,per 1000 births,Male,Population of rural areas,Ontustik Kazakhstan,15.63717848791894
2017,per 1000 births,Male,Population of rural areas,Pavlodar,11.3452188006483
2017,per 1000 births,Male,Population of rural areas,Soltustik Kazakhstan,12.827090815802975
2017,per 1000 births,Male,Population of rural areas,Shygys Kazakhstan,11.642008246422508
2017,per 1000 births,Female,,,9.166816971343088
2017,per 1000 births,Female,,Akmola,9.584664536741212
2017,per 1000 births,Female,,Aktobe,9.832522960561858
2017,per 1000 births,Female,,Almaty,9.143047128252016
2017,per 1000 births,Female,,Atyrau,9.674582233948987
2017,per 1000 births,Female,,Batys Kazakhstan,8.3426921225734
2017,per 1000 births,Female,,Zhambyl,9.276582475834113
2017,per 1000 births,Female,,Karagandy,8.63697705802969
2017,per 1000 births,Female,,Kostanay,10.1423487544484
2017,per 1000 births,Female,,Kyzylorda,10.045861541821358
2017,per 1000 births,Female,,Mangistau,8.797339341272396
2017,per 1000 births,Female,,Ontustik Kazakhstan,10.569828894354035
2017,per 1000 births,Female,,Pavlodar,8.308810801454042
2017,per 1000 births,Female,,Soltustik Kazakhstan,11.487964989059082
2017,per 1000 births,Female,,Shygys Kazakhstan,8.099804487477888
2017,per 1000 births,Female,,Nur-Sultan city,6.270748801180376
2017,per 1000 births,Female,,Almaty city,7.903300790330079
2017,per 1000 births,Female,Population of urban areas,,8.704300143246867
2017,per 1000 births,Female,Population of urban areas,Akmola,9.841269841269842
2017,per 1000 births,Female,Population of urban areas,Aktobe,8.157389635316697
2017,per 1000 births,Female,Population of urban areas,Almaty,7.759456838021339
2017,per 1000 births,Female,Population of urban areas,Atyrau,10.6544901065449
2017,per 1000 births,Female,Population of urban areas,Batys Kazakhstan,9.507829977628637
2017,per 1000 births,Female,Population of urban areas,Zhambyl,9.398496240601505
2017,per 1000 births,Female,Population of urban areas,Karagandy,8.754208754208754
2017,per 1000 births,Female,Population of urban areas,Kostanay,9.99697061496516
2017,per 1000 births,Female,Population of urban areas,Kyzylorda,10.711030082041932
2017,per 1000 births,Female,Population of urban areas,Mangistau,6.51392632524708
2017,per 1000 births,Female,Population of urban areas,Ontustik Kazakhstan,10.85230280571731
2017,per 1000 births,Female,Population of urban areas,Pavlodar,8.780732563973908
2017,per 1000 births,Female,Population of urban areas,Soltustik Kazakhstan,12.957746478873238
2017,per 1000 births,Female,Population of urban areas,Shygys Kazakhstan,6.413059320798717
2017,per 1000 births,Female,Population of urban areas,Nur-Sultan city,6.270748801180376
2017,per 1000 births,Female,Population of urban areas,Almaty city,7.903300790330079
2017,per 1000 births,Female,Population of rural areas,,9.809264305177113
2017,per 1000 births,Female,Population of rural areas,Akmola,9.295673936360386
2017,per 1000 births,Female,Population of rural areas,Aktobe,13.32001332001332
2017,per 1000 births,Female,Population of rural areas,Almaty,9.621839337659432
2017,per 1000 births,Female,Population of rural areas,Atyrau,8.712969878018422
2017,per 1000 births,Female,Population of rural areas,Batys Kazakhstan,6.774557771923222
2017,per 1000 births,Female,Population of rural areas,Zhambyl,9.190197123068726
2017,per 1000 births,Female,Population of rural areas,Karagandy,8.16326530612245
2017,per 1000 births,Female,Population of rural areas,Kostanay,10.34928848641656
2017,per 1000 births,Female,Population of rural areas,Kyzylorda,9.433962264150942
2017,per 1000 births,Female,Population of rural areas,Mangistau,10.885192031217908
2017,per 1000 births,Female,Population of rural areas,Ontustik Kazakhstan,10.293813366439066
2017,per 1000 births,Female,Population of rural areas,Pavlodar,7.258514796203238
2017,per 1000 births,Female,Population of rural areas,Soltustik Kazakhstan,10.101010101010102
2017,per 1000 births,Female,Population of rural areas,Shygys Kazakhstan,11.082474226804123
2018,per 1000 births,Boys and Girls,,,10.11
2018,per 1000 births,Boys and Girls,,Akmola,7.48
2018,per 1000 births,Boys and Girls,,Aktobe,10.92
2018,per 1000 births,Boys and Girls,,Almaty,9.4
2018,per 1000 births,Boys and Girls,,Atyrau,12.68
2018,per 1000 births,Boys and Girls,,Batys Kazakhstan,7.73
2018,per 1000 births,Boys and Girls,,Zhambyl,9.63
2018,per 1000 births,Boys and Girls,,Karagandy,9.11
2018,per 1000 births,Boys and Girls,,Kostanay,11.52
2018,per 1000 births,Boys and Girls,,Kyzylorda,12.56
2018,per 1000 births,Boys and Girls,,Mangistau,11.86
2018,per 1000 births,Boys and Girls,,Pavlodar,7.25
2018,per 1000 births,Boys and Girls,,Soltustik Kazakhstan,13.07
2018,per 1000 births,Boys and Girls,,Turkistan,11.69
2018,per 1000 births,Boys and Girls,,Shygys Kazakhstan,9.51
2018,per 1000 births,Boys and Girls,,Nur-Sultan city,7.44
2018,per 1000 births,Boys and Girls,,Almaty city,9.86
2018,per 1000 births,Boys and Girls,,Shymkent city,10.22
2018,per 1000 births,Boys and Girls,Population of urban areas,,9.56
2018,per 1000 births,Boys and Girls,Population of urban areas,Akmola,7.61
2018,per 1000 births,Boys and Girls,Population of urban areas,Aktobe,10.63
2018,per 1000 births,Boys and Girls,Population of urban areas,Almaty,8.48
2018,per 1000 births,Boys and Girls,Population of urban areas,Atyrau,11.13
2018,per 1000 births,Boys and Girls,Population of urban areas,Batys Kazakhstan,7.62
2018,per 1000 births,Boys and Girls,Population of urban areas,Zhambyl,9.33
2018,per 1000 births,Boys and Girls,Population of urban areas,Karagandy,9.06
2018,per 1000 births,Boys and Girls,Population of urban areas,Kostanay,10.99
2018,per 1000 births,Boys and Girls,Population of urban areas,Kyzylorda,13.58
2018,per 1000 births,Boys and Girls,Population of urban areas,Mangistau,10.59
2018,per 1000 births,Boys and Girls,Population of urban areas,Pavlodar,8.06
2018,per 1000 births,Boys and Girls,Population of urban areas,Soltustik Kazakhstan,12.06
2018,per 1000 births,Boys and Girls,Population of urban areas,Turkistan,10.62
2018,per 1000 births,Boys and Girls,Population of urban areas,Shygys Kazakhstan,8.73
2018,per 1000 births,Boys and Girls,Population of urban areas,Nur-Sultan city,7.44
2018,per 1000 births,Boys and Girls,Population of urban areas,Almaty city,9.86
2018,per 1000 births,Boys and Girls,Population of urban areas,Shymkent city,10.22
2018,per 1000 births,Boys and Girls,Population of rural areas,,10.9
2018,per 1000 births,Boys and Girls,Population of rural areas,Akmola,7.35
2018,per 1000 births,Boys and Girls,Population of rural areas,Aktobe,11.8
2018,per 1000 births,Boys and Girls,Population of rural areas,Almaty,9.71
2018,per 1000 births,Boys and Girls,Population of rural areas,Atyrau,14.52
2018,per 1000 births,Boys and Girls,Population of rural areas,Batys Kazakhstan,7.89
2018,per 1000 births,Boys and Girls,Population of rural areas,Zhambyl,9.84
2018,per 1000 births,Boys and Girls,Population of rural areas,Karagandy,9.31
2018,per 1000 births,Boys and Girls,Population of rural areas,Kostanay,12.28
2018,per 1000 births,Boys and Girls,Population of rural areas,Kyzylorda,11.6
2018,per 1000 births,Boys and Girls,Population of rural areas,Mangistau,12.87
2018,per 1000 births,Boys and Girls,Population of rural areas,Pavlodar,5.36
2018,per 1000 births,Boys and Girls,Population of rural areas,Soltustik Kazakhstan,14.06
2018,per 1000 births,Boys and Girls,Population of rural areas,Turkistan,12.08
2018,per 1000 births,Boys and Girls,Population of rural areas,Shygys Kazakhstan,10.97
2018,per 1000 births,Male,,,11.64
2018,per 1000 births,Male,,Akmola,8.15
2018,per 1000 births,Male,,Aktobe,12.42
2018,per 1000 births,Male,,Almaty,10.58
2018,per 1000 births,Male,,Atyrau,14.74
2018,per 1000 births,Male,,Batys Kazakhstan,9.52
2018,per 1000 births,Male,,Zhambyl,10.66
2018,per 1000 births,Male,,Karagandy,10.93
2018,per 1000 births,Male,,Kostanay,13.96
2018,per 1000 births,Male,,Kyzylorda,14.51
2018,per 1000 births,Male,,Mangistau,13.38
2018,per 1000 births,Male,,Pavlodar,8.11
2018,per 1000 births,Male,,Soltustik Kazakhstan,16.18
2018,per 1000 births,Male,,Turkistan,13.98
2018,per 1000 births,Male,,Shygys Kazakhstan,9.77
2018,per 1000 births,Male,,Nur-Sultan city,9.07
2018,per 1000 births,Male,,Almaty city,11.14
2018,per 1000 births,Male,,Shymkent city,12.2
2018,per 1000 births,Male,Population of urban areas,,11.08
2018,per 1000 births,Male,Population of urban areas,Akmola,7.73
2018,per 1000 births,Male,Population of urban areas,Aktobe,12.6
2018,per 1000 births,Male,Population of urban areas,Almaty,9.41
2018,per 1000 births,Male,Population of urban areas,Atyrau,11.05
2018,per 1000 births,Male,Population of urban areas,Batys Kazakhstan,9.76
2018,per 1000 births,Male,Population of urban areas,Zhambyl,10.99
2018,per 1000 births,Male,Population of urban areas,Karagandy,10.93
2018,per 1000 births,Male,Population of urban areas,Kostanay,13.96
2018,per 1000 births,Male,Population of urban areas,Kyzylorda,16.02
2018,per 1000 births,Male,Population of urban areas,Mangistau,10.76
2018,per 1000 births,Male,Population of urban areas,Pavlodar,8.75
2018,per 1000 births,Male,Population of urban areas,Soltustik Kazakhstan,14.69
2018,per 1000 births,Male,Population of urban areas,Turkistan,13.05
2018,per 1000 births,Male,Population of urban areas,Shygys Kazakhstan,9.41
2018,per 1000 births,Male,Population of urban areas,Nur-Sultan city,9.07
2018,per 1000 births,Male,Population of urban areas,Almaty city,11.14
2018,per 1000 births,Male,Population of urban areas,Shymkent city,12.2
2018,per 1000 births,Male,Population of rural areas,,12.44
2018,per 1000 births,Male,Population of rural areas,Akmola,8.6
2018,per 1000 births,Male,Population of rural areas,Aktobe,11.89
2018,per 1000 births,Male,Population of rural areas,Almaty,10.96
2018,per 1000 births,Male,Population of rural areas,Atyrau,19.14
2018,per 1000 births,Male,Population of rural areas,Batys Kazakhstan,9.18
2018,per 1000 births,Male,Population of rural areas,Zhambyl,10.43
2018,per 1000 births,Male,Population of rural areas,Karagandy,10.94
2018,per 1000 births,Male,Population of rural areas,Kostanay,13.97
2018,per 1000 births,Male,Population of rural areas,Kyzylorda,13.05
2018,per 1000 births,Male,Population of rural areas,Mangistau,13.62
2018,per 1000 births,Male,Population of rural areas,Pavlodar,6.63
2018,per 1000 births,Male,Population of rural areas,Soltustik Kazakhstan,17.64
2018,per 1000 births,Male,Population of rural areas,Turkistan,14.31
2018,per 1000 births,Male,Population of rural areas,Shygys Kazakhstan,10.44
2018,per 1000 births,Female,,,8.48
2018,per 1000 births,Female,,Akmola,6.79
2018,per 1000 births,Female,,Aktobe,9.33
2018,per 1000 births,Female,,Almaty,8.17
2018,per 1000 births,Female,,Atyrau,10.47
2018,per 1000 births,Female,,Batys Kazakhstan,5.83
2018,per 1000 births,Female,,Zhambyl,8.52
2018,per 1000 births,Female,,Karagandy,7.11
2018,per 1000 births,Female,,Kostanay,8.97
2018,per 1000 births,Female,,Kyzylorda,10.46
2018,per 1000 births,Female,,Mangistau,8.87
2018,per 1000 births,Female,,Pavlodar,6.36
2018,per 1000 births,Female,,Soltustik Kazakhstan,9.76
2018,per 1000 births,Female,,Turkistan,9.26
2018,per 1000 births,Female,,Shygys Kazakhstan,9.24
2018,per 1000 births,Female,,Nur-Sultan city,5.71
2018,per 1000 births,Female,,Almaty city,8.5
2018,per 1000 births,Female,,Shymkent city,8.06
2018,per 1000 births,Female,Population of urban areas,,7.93
2018,per 1000 births,Female,Population of urban areas,Akmola,7.47
2018,per 1000 births,Female,Population of urban areas,Aktobe,8.54
2018,per 1000 births,Female,Population of urban areas,Almaty,7.52
2018,per 1000 births,Female,Population of urban areas,Atyrau,11.22
2018,per 1000 births,Female,Population of urban areas,Batys Kazakhstan,5.37
2018,per 1000 births,Female,Population of urban areas,Zhambyl,7.57
2018,per 1000 births,Female,Population of urban areas,Karagandy,6.98
2018,per 1000 births,Female,Population of urban areas,Kostanay,7.97
2018,per 1000 births,Female,Population of urban areas,Kyzylorda,10.88
2018,per 1000 births,Female,Population of urban areas,Mangistau,10.41
2018,per 1000 births,Female,Population of urban areas,Pavlodar,7.35
2018,per 1000 births,Female,Population of urban areas,Soltustik Kazakhstan,9.26
2018,per 1000 births,Female,Population of urban areas,Turkistan,8.06
2018,per 1000 births,Female,Population of urban areas,Shygys Kazakhstan,7.98
2018,per 1000 births,Female,Population of urban areas,Nur-Sultan city,5.71
2018,per 1000 births,Female,Population of urban areas,Almaty city,8.5
2018,per 1000 births,Female,Population of urban areas,Shymkent city,8.06
2018,per 1000 births,Female,Population of rural areas,,9.28
2018,per 1000 births,Female,Population of rural areas,Akmola,6.07
2018,per 1000 births,Female,Population of rural areas,Aktobe,11.7
2018,per 1000 births,Female,Population of rural areas,Almaty,8.39
2018,per 1000 births,Female,Population of rural areas,Atyrau,9.58
2018,per 1000 births,Female,Population of rural areas,Batys Kazakhstan,6.48
2018,per 1000 births,Female,Population of rural areas,Zhambyl,9.22
2018,per 1000 births,Female,Population of rural areas,Karagandy,7.63
2018,per 1000 births,Female,Population of rural areas,Kostanay,10.45
2018,per 1000 births,Female,Population of rural areas,Kyzylorda,10.08
2018,per 1000 births,Female,Population of rural areas,Mangistau,12.06
2018,per 1000 births,Female,Population of rural areas,Pavlodar,4.03
2018,per 1000 births,Female,Population of rural areas,Soltustik Kazakhstan,10.24
2018,per 1000 births,Female,Population of rural areas,Turkistan,9.69
2018,per 1000 births,Female,Population of rural areas,Shygys Kazakhstan,11.52
2019,per 1000 births,Boys and Girls,,,10.69
2019,per 1000 births,Boys and Girls,,Akmola,8.56
2019,per 1000 births,Boys and Girls,,Aktobe,10.54
2019,per 1000 births,Boys and Girls,,Almaty,10.22
2019,per 1000 births,Boys and Girls,,Atyrau,12.9
2019,per 1000 births,Boys and Girls,,Batys Kazakhstan,8.53
2019,per 1000 births,Boys and Girls,,Zhambyl,11.58
2019,per 1000 births,Boys and Girls,,Karagandy,10.85
2019,per 1000 births,Boys and Girls,,Kostanay,11.79
2019,per 1000 births,Boys and Girls,,Kyzylorda,13.13
2019,per 1000 births,Boys and Girls,,Mangistau,11.49
2019,per 1000 births,Boys and Girls,,Pavlodar,8.31
2019,per 1000 births,Boys and Girls,,Soltustik Kazakhstan,11.79
2019,per 1000 births,Boys and Girls,,Turkistan,11.89
2019,per 1000 births,Boys and Girls,,Shygys Kazakhstan,10.11
2019,per 1000 births,Boys and Girls,,Nur-Sultan city,7.62
2019,per 1000 births,Boys and Girls,,Almaty city,9.65
2019,per 1000 births,Boys and Girls,,Shymkent city,11.7
2019,per 1000 births,Boys and Girls,Population of urban areas,,10.51
2019,per 1000 births,Boys and Girls,Population of urban areas,Akmola,8.51
2019,per 1000 births,Boys and Girls,Population of urban areas,Aktobe,9.82
2019,per 1000 births,Boys and Girls,Population of urban areas,Almaty,11.84
2019,per 1000 births,Boys and Girls,Population of urban areas,Atyrau,13.1
2019,per 1000 births,Boys and Girls,Population of urban areas,Batys Kazakhstan,9.05
2019,per 1000 births,Boys and Girls,Population of urban areas,Zhambyl,12.64
2019,per 1000 births,Boys and Girls,Population of urban areas,Karagandy,11.27
2019,per 1000 births,Boys and Girls,Population of urban areas,Kostanay,9.58
2019,per 1000 births,Boys and Girls,Population of urban areas,Kyzylorda,13.01
2019,per 1000 births,Boys and Girls,Population of urban areas,Mangistau,13.42
2019,per 1000 births,Boys and Girls,Population of urban areas,Pavlodar,8.59
2019,per 1000 births,Boys and Girls,Population of urban areas,Soltustik Kazakhstan,11.21
2019,per 1000 births,Boys and Girls,Population of urban areas,Turkistan,10.82
2019,per 1000 births,Boys and Girls,Population of urban areas,Shygys Kazakhstan,10.38
2019,per 1000 births,Boys and Girls,Population of urban areas,Nur-Sultan city,7.62
2019,per 1000 births,Boys and Girls,Population of urban areas,Almaty city,9.65
2019,per 1000 births,Boys and Girls,Population of urban areas,Shymkent city,11.7
2019,per 1000 births,Boys and Girls,Population of rural areas,,10.96
2019,per 1000 births,Boys and Girls,Population of rural areas,Akmola,8.62
2019,per 1000 births,Boys and Girls,Population of rural areas,Aktobe,12.71
2019,per 1000 births,Boys and Girls,Population of rural areas,Almaty,9.67
2019,per 1000 births,Boys and Girls,Population of rural areas,Atyrau,12.63
2019,per 1000 births,Boys and Girls,Population of rural areas,Batys Kazakhstan,7.84
2019,per 1000 births,Boys and Girls,Population of rural areas,Zhambyl,10.75
2019,per 1000 births,Boys and Girls,Population of rural areas,Karagandy,9.21
2019,per 1000 births,Boys and Girls,Population of rural areas,Kostanay,15.41
2019,per 1000 births,Boys and Girls,Population of rural areas,Kyzylorda,13.25
2019,per 1000 births,Boys and Girls,Population of rural areas,Mangistau,10.18
2019,per 1000 births,Boys and Girls,Population of rural areas,Pavlodar,7.62
2019,per 1000 births,Boys and Girls,Population of rural areas,Soltustik Kazakhstan,12.35
2019,per 1000 births,Boys and Girls,Population of rural areas,Turkistan,12.31
2019,per 1000 births,Boys and Girls,Population of rural areas,Shygys Kazakhstan,9.62
2019,per 1000 births,Male,,,12.031455791730355
2019,per 1000 births,Male,,Akmola,8.48923125294765
2019,per 1000 births,Male,,Aktobe,10.391082561874171
2019,per 1000 births,Male,,Almaty,12.20401427639406
2019,per 1000 births,Male,,Atyrau,14.001806684733513
2019,per 1000 births,Male,,Batys Kazakhstan,10.189228529839884
2019,per 1000 births,Male,,Zhambyl,13.528990694345026
2019,per 1000 births,Male,,Karagandy,12.26790450928382
2019,per 1000 births,Male,,Kostanay,15.737256243585358
2019,per 1000 births,Male,,Kyzylorda,15.421590226316845
2019,per 1000 births,Male,,Mangistau,12.545143508838624
2019,per 1000 births,Male,,Pavlodar,8.970099667774086
2019,per 1000 births,Male,,Soltustik Kazakhstan,13.795045045045043
2019,per 1000 births,Male,,Turkistan,13.008637735456343
2019,per 1000 births,Male,,Shygys Kazakhstan,10.214772132006289
2019,per 1000 births,Male,,Nur-Sultan city,7.879364216818367
2019,per 1000 births,Male,,Almaty city,11.114261411964844
2019,per 1000 births,Male,,Shymkent city,13.936097892590077
2019,per 1000 births,Male,Population of urban areas,,11.76
2019,per 1000 births,Male,Population of urban areas,Akmola,9.82
2019,per 1000 births,Male,Population of urban areas,Aktobe,9.21
2019,per 1000 births,Male,Population of urban areas,Almaty,13.35
2019,per 1000 births,Male,Population of urban areas,Atyrau,12.78
2019,per 1000 births,Male,Population of urban areas,Batys Kazakhstan,10.66
2019,per 1000 births,Male,Population of urban areas,Zhambyl,15.07
2019,per 1000 births,Male,Population of urban areas,Karagandy,12.63
2019,per 1000 births,Male,Population of urban areas,Kostanay,12.41
2019,per 1000 births,Male,Population of urban areas,Kyzylorda,14.41
2019,per 1000 births,Male,Population of urban areas,Mangistau,15.26
2019,per 1000 births,Male,Population of urban areas,Pavlodar,9.44
2019,per 1000 births,Male,Population of urban areas,Soltustik Kazakhstan,13.48
2019,per 1000 births,Male,Population of urban areas,Turkistan,12.66
2019,per 1000 births,Male,Population of urban areas,Shygys Kazakhstan,10.72
2019,per 1000 births,Male,Population of urban areas,Nur-Sultan city,7.88
2019,per 1000 births,Male,Population of urban areas,Almaty city,11.11
2019,per 1000 births,Male,Population of urban areas,Shymkent city,13.94
2019,per 1000 births,Male,Population of rural areas,,12.43
2019,per 1000 births,Male,Population of rural areas,Akmola,7.0
2019,per 1000 births,Male,Population of rural areas,Aktobe,13.93
2019,per 1000 births,Male,Population of rural areas,Almaty,11.82
2019,per 1000 births,Male,Population of rural areas,Atyrau,15.6
2019,per 1000 births,Male,Population of rural areas,Batys Kazakhstan,9.55
2019,per 1000 births,Male,Population of rural areas,Zhambyl,12.33
2019,per 1000 births,Male,Population of rural areas,Karagandy,10.8
2019,per 1000 births,Male,Population of rural areas,Kostanay,21.18
2019,per 1000 births,Male,Population of rural areas,Kyzylorda,16.44
2019,per 1000 births,Male,Population of rural areas,Mangistau,10.7
2019,per 1000 births,Male,Population of rural areas,Pavlodar,7.86
2019,per 1000 births,Male,Population of rural areas,Soltustik Kazakhstan,14.12
2019,per 1000 births,Male,Population of rural areas,Turkistan,13.14
2019,per 1000 births,Male,Population of rural areas,Shygys Kazakhstan,9.3
2019,per 1000 births,Female,,,9.25
2019,per 1000 births,Female,,Akmola,8.64
2019,per 1000 births,Female,,Aktobe,10.7
2019,per 1000 births,Female,,Almaty,8.1
2019,per 1000 births,Female,,Atyrau,11.69
2019,per 1000 births,Female,,Batys Kazakhstan,6.71
2019,per 1000 births,Female,,Zhambyl,9.49
2019,per 1000 births,Female,,Karagandy,9.3
2019,per 1000 births,Female,,Kostanay,7.68
2019,per 1000 births,Female,,Kyzylorda,10.68
2019,per 1000 births,Female,,Mangistau,10.37
2019,per 1000 births,Female,,Pavlodar,7.58
2019,per 1000 births,Female,,Soltustik Kazakhstan,9.64
2019,per 1000 births,Female,,Turkistan,10.7
2019,per 1000 births,Female,,Shygys Kazakhstan,10.0
2019,per 1000 births,Female,,Nur-Sultan city,7.35
2019,per 1000 births,Female,,Almaty city,8.1
2019,per 1000 births,Female,,Shymkent city,9.32
2019,per 1000 births,Female,Population of urban areas,,9.16
2019,per 1000 births,Female,Population of urban areas,Akmola,7.09
2019,per 1000 births,Female,Population of urban areas,Aktobe,10.47
2019,per 1000 births,Female,Population of urban areas,Almaty,10.2
2019,per 1000 births,Female,Population of urban areas,Atyrau,13.45
2019,per 1000 births,Female,Population of urban areas,Batys Kazakhstan,7.27
2019,per 1000 births,Female,Population of urban areas,Zhambyl,10.02
2019,per 1000 births,Female,Population of urban areas,Karagandy,9.76
2019,per 1000 births,Female,Population of urban areas,Kostanay,6.62
2019,per 1000 births,Female,Population of urban areas,Kyzylorda,11.49
2019,per 1000 births,Female,Population of urban areas,Mangistau,11.46
2019,per 1000 births,Female,Population of urban areas,Pavlodar,7.68
2019,per 1000 births,Female,Population of urban areas,Soltustik Kazakhstan,8.7
2019,per 1000 births,Female,Population of urban areas,Turkistan,8.86
2019,per 1000 births,Female,Population of urban areas,Shygys Kazakhstan,10.02
2019,per 1000 births,Female,Population of urban areas,Nur-Sultan city,7.35
2019,per 1000 births,Female,Population of urban areas,Almaty city,8.1
2019,per 1000 births,Female,Population of urban areas,Shymkent city,9.32
2019,per 1000 births,Female,Population of rural areas,,9.38
2019,per 1000 births,Female,Population of rural areas,Akmola,10.36
2019,per 1000 births,Female,Population of rural areas,Aktobe,11.39
2019,per 1000 births,Female,Population of rural areas,Almaty,7.41
2019,per 1000 births,Female,Population of rural areas,Atyrau,9.39
2019,per 1000 births,Female,Population of rural areas,Batys Kazakhstan,5.97
2019,per 1000 births,Female,Population of rural areas,Zhambyl,9.07
2019,per 1000 births,Female,Population of rural areas,Karagandy,7.51
2019,per 1000 births,Female,Population of rural areas,Kostanay,9.39
2019,per 1000 births,Female,Population of rural areas,Kyzylorda,9.9
2019,per 1000 births,Female,Population of rural areas,Mangistau,9.62
2019,per 1000 births,Female,Population of rural areas,Pavlodar,7.36
2019,per 1000 births,Female,Population of rural areas,Soltustik Kazakhstan,10.52
2019,per 1000 births,Female,Population of rural areas,Turkistan,11.41
2019,per 1000 births,Female,Population of rural areas,Shygys Kazakhstan,9.97
