Year,UNIT_MEASURE,Area,Sex,Regions,Value
2010,Percent,,,,30.9
2011,Percent,,,,33.8
2012,Percent,,,,37.6
2013,Percent,,,,37.6
2014,Percent,,,,41.6
2015,Percent,,,,43.4
2016,Percent,,,,42.9
2017,Percent,,,,44.5
2018,Percent,,,,44.8
2010,Percent,,,Akmola,27.1
2011,Percent,,,Akmola,24.2
2012,Percent,,,Akmola,24.0
2013,Percent,,,Akmola,26.6
2014,Percent,,,Akmola,33.8
2015,Percent,,,Akmola,32.1
2016,Percent,,,Akmola,36.2
2017,Percent,,,Akmola,34.1
2018,Percent,,,Akmola,38.7
2010,Percent,,,Aktobe,30.3
2011,Percent,,,Aktobe,40.8
2012,Percent,,,Aktobe,38.3
2013,Percent,,,Aktobe,47.4
2014,Percent,,,Aktobe,34.2
2015,Percent,,,Aktobe,35.8
2016,Percent,,,Aktobe,37.5
2017,Percent,,,Aktobe,44.3
2018,Percent,,,Aktobe,36.4
2010,Percent,,,Almaty,28.2
2011,Percent,,,Almaty,27.0
2012,Percent,,,Almaty,26.7
2013,Percent,,,Almaty,25.4
2014,Percent,,,Almaty,28.9
2015,Percent,,,Almaty,29.9
2016,Percent,,,Almaty,29.6
2017,Percent,,,Almaty,35.3
2018,Percent,,,Almaty,34.9
2010,Percent,,,Atyrau,24.5
2011,Percent,,,Atyrau,29.2
2012,Percent,,,Atyrau,44.7
2013,Percent,,,Atyrau,41.1
2014,Percent,,,Atyrau,47.2
2015,Percent,,,Atyrau,36.9
2016,Percent,,,Atyrau,48.6
2017,Percent,,,Atyrau,41.4
2018,Percent,,,Atyrau,52.8
2010,Percent,,,Batys Kazakhstan,33.3
2011,Percent,,,Batys Kazakhstan,33.2
2012,Percent,,,Batys Kazakhstan,33.0
2013,Percent,,,Batys Kazakhstan,33.8
2014,Percent,,,Batys Kazakhstan,40.6
2015,Percent,,,Batys Kazakhstan,38.1
2016,Percent,,,Batys Kazakhstan,35.9
2017,Percent,,,Batys Kazakhstan,34.4
2018,Percent,,,Batys Kazakhstan,33.8
2010,Percent,,,Zhambyl,17.9
2011,Percent,,,Zhambyl,23.0
2012,Percent,,,Zhambyl,28.8
2013,Percent,,,Zhambyl,23.0
2014,Percent,,,Zhambyl,30.0
2015,Percent,,,Zhambyl,32.1
2016,Percent,,,Zhambyl,29.5
2017,Percent,,,Zhambyl,35.4
2018,Percent,,,Zhambyl,36.1
2010,Percent,,,Karagandy,32.2
2011,Percent,,,Karagandy,35.2
2012,Percent,,,Karagandy,40.3
2013,Percent,,,Karagandy,39.7
2014,Percent,,,Karagandy,40.2
2015,Percent,,,Karagandy,43.0
2016,Percent,,,Karagandy,41.1
2017,Percent,,,Karagandy,41.1
2018,Percent,,,Karagandy,40.9
2010,Percent,,,Kostanay,32.6
2011,Percent,,,Kostanay,26.6
2012,Percent,,,Kostanay,29.1
2013,Percent,,,Kostanay,28.2
2014,Percent,,,Kostanay,37.7
2015,Percent,,,Kostanay,33.1
2016,Percent,,,Kostanay,35.2
2017,Percent,,,Kostanay,36.6
2018,Percent,,,Kostanay,32.5
2010,Percent,,,Kyzylorda,32.0
2011,Percent,,,Kyzylorda,36.0
2012,Percent,,,Kyzylorda,37.4
2013,Percent,,,Kyzylorda,35.7
2014,Percent,,,Kyzylorda,34.2
2015,Percent,,,Kyzylorda,38.0
2016,Percent,,,Kyzylorda,40.6
2017,Percent,,,Kyzylorda,39.4
2018,Percent,,,Kyzylorda,37.8
2010,Percent,,,Mangistau,24.4
2011,Percent,,,Mangistau,33.3
2012,Percent,,,Mangistau,42.3
2013,Percent,,,Mangistau,31.6
2014,Percent,,,Mangistau,42.7
2015,Percent,,,Mangistau,31.0
2016,Percent,,,Mangistau,36.5
2017,Percent,,,Mangistau,31.1
2018,Percent,,,Mangistau,32.5
2010,Percent,,,Ontustik Kazakhstan,22.6
2011,Percent,,,Ontustik Kazakhstan,26.7
2012,Percent,,,Ontustik Kazakhstan,29.2
2013,Percent,,,Ontustik Kazakhstan,29.9
2014,Percent,,,Ontustik Kazakhstan,42.1
2015,Percent,,,Ontustik Kazakhstan,40.5
2016,Percent,,,Ontustik Kazakhstan,45.6
2017,Percent,,,Ontustik Kazakhstan,48.0
2010,Percent,,,Pavlodar,25.2
2011,Percent,,,Pavlodar,26.5
2012,Percent,,,Pavlodar,30.1
2013,Percent,,,Pavlodar,26.0
2014,Percent,,,Pavlodar,37.9
2015,Percent,,,Pavlodar,33.4
2016,Percent,,,Pavlodar,33.6
2017,Percent,,,Pavlodar,38.4
2018,Percent,,,Pavlodar,35.5
2010,Percent,,,Soltustik Kazakhstan,18.5
2011,Percent,,,Soltustik Kazakhstan,25.7
2012,Percent,,,Soltustik Kazakhstan,28.2
2013,Percent,,,Soltustik Kazakhstan,25.4
2014,Percent,,,Soltustik Kazakhstan,31.6
2015,Percent,,,Soltustik Kazakhstan,35.3
2016,Percent,,,Soltustik Kazakhstan,37.3
2017,Percent,,,Soltustik Kazakhstan,34.2
2018,Percent,,,Soltustik Kazakhstan,28.0
2018,Percent,,,Turkistan,40.9
2010,Percent,,,Shygys Kazakhstan,27.1
2011,Percent,,,Shygys Kazakhstan,29.6
2012,Percent,,,Shygys Kazakhstan,34.5
2013,Percent,,,Shygys Kazakhstan,30.4
2014,Percent,,,Shygys Kazakhstan,38.6
2015,Percent,,,Shygys Kazakhstan,37.4
2016,Percent,,,Shygys Kazakhstan,38.6
2017,Percent,,,Shygys Kazakhstan,40.0
2018,Percent,,,Shygys Kazakhstan,39.2
2010,Percent,,,Nur-Sultan city,61.4
2011,Percent,,,Nur-Sultan city,68.3
2012,Percent,,,Nur-Sultan city,60.4
2013,Percent,,,Nur-Sultan city,38.8
2014,Percent,,,Nur-Sultan city,40.5
2015,Percent,,,Nur-Sultan city,43.2
2016,Percent,,,Nur-Sultan city,44.0
2017,Percent,,,Nur-Sultan city,45.6
2018,Percent,,,Nur-Sultan city,48.4
2010,Percent,,,Almaty city,61.1
2011,Percent,,,Almaty city,60.0
2012,Percent,,,Almaty city,71.4
2013,Percent,,,Almaty city,64.1
2014,Percent,,,Almaty city,69.2
2015,Percent,,,Almaty city,76.7
2016,Percent,,,Almaty city,66.2
2017,Percent,,,Almaty city,65.0
2018,Percent,,,Almaty city,66.0
2018,Percent,,,Shymkent city,58.4
2010,Percent,,Male,,26.0
2011,Percent,,Male,,28.3
2012,Percent,,Male,,33.3
2013,Percent,,Male,,32.7
2014,Percent,,Male,,36.8
2015,Percent,,Male,,37.2
2016,Percent,,Male,,37.3
2017,Percent,,Male,,39.1
2018,Percent,,Male,,39.7
2010,Percent,,Male,Akmola,27.5
2011,Percent,,Male,Akmola,23.2
2012,Percent,,Male,Akmola,15.7
2013,Percent,,Male,Akmola,22.3
2014,Percent,,Male,Akmola,28.5
2015,Percent,,Male,Akmola,28.1
2016,Percent,,Male,Akmola,33.1
2017,Percent,,Male,Akmola,29.6
2018,Percent,,Male,Akmola,33.7
2010,Percent,,Male,Aktobe,19.9
2011,Percent,,Male,Aktobe,31.3
2012,Percent,,Male,Aktobe,35.5
2013,Percent,,Male,Aktobe,39.0
2014,Percent,,Male,Aktobe,23.7
2015,Percent,,Male,Aktobe,27.1
2016,Percent,,Male,Aktobe,31.5
2017,Percent,,Male,Aktobe,32.9
2018,Percent,,Male,Aktobe,26.8
2010,Percent,,Male,Almaty,22.1
2011,Percent,,Male,Almaty,20.3
2012,Percent,,Male,Almaty,25.3
2013,Percent,,Male,Almaty,25.4
2014,Percent,,Male,Almaty,25.0
2015,Percent,,Male,Almaty,24.6
2016,Percent,,Male,Almaty,24.5
2017,Percent,,Male,Almaty,31.9
2018,Percent,,Male,Almaty,29.3
2010,Percent,,Male,Atyrau,20.7
2011,Percent,,Male,Atyrau,23.4
2012,Percent,,Male,Atyrau,35.5
2013,Percent,,Male,Atyrau,32.3
2014,Percent,,Male,Atyrau,40.0
2015,Percent,,Male,Atyrau,28.0
2016,Percent,,Male,Atyrau,39.2
2017,Percent,,Male,Atyrau,30.5
2018,Percent,,Male,Atyrau,46.0
2010,Percent,,Male,Batys Kazakhstan,32.2
2011,Percent,,Male,Batys Kazakhstan,29.2
2012,Percent,,Male,Batys Kazakhstan,27.6
2013,Percent,,Male,Batys Kazakhstan,27.1
2014,Percent,,Male,Batys Kazakhstan,34.3
2015,Percent,,Male,Batys Kazakhstan,31.8
2016,Percent,,Male,Batys Kazakhstan,27.3
2017,Percent,,Male,Batys Kazakhstan,29.3
2018,Percent,,Male,Batys Kazakhstan,27.8
2010,Percent,,Male,Zhambyl,13.4
2011,Percent,,Male,Zhambyl,16.7
2012,Percent,,Male,Zhambyl,27.3
2013,Percent,,Male,Zhambyl,24.3
2014,Percent,,Male,Zhambyl,26.5
2015,Percent,,Male,Zhambyl,27.2
2016,Percent,,Male,Zhambyl,25.2
2017,Percent,,Male,Zhambyl,30.5
2018,Percent,,Male,Zhambyl,32.0
2010,Percent,,Male,Karagandy,27.4
2011,Percent,,Male,Karagandy,32.0
2012,Percent,,Male,Karagandy,34.1
2013,Percent,,Male,Karagandy,33.5
2014,Percent,,Male,Karagandy,35.2
2015,Percent,,Male,Karagandy,32.9
2016,Percent,,Male,Karagandy,37.7
2017,Percent,,Male,Karagandy,35.3
2018,Percent,,Male,Karagandy,35.3
2010,Percent,,Male,Kostanay,23.1
2011,Percent,,Male,Kostanay,20.0
2012,Percent,,Male,Kostanay,25.2
2013,Percent,,Male,Kostanay,22.0
2014,Percent,,Male,Kostanay,34.3
2015,Percent,,Male,Kostanay,27.6
2016,Percent,,Male,Kostanay,28.8
2017,Percent,,Male,Kostanay,31.5
2018,Percent,,Male,Kostanay,26.8
2010,Percent,,Male,Kyzylorda,26.1
2011,Percent,,Male,Kyzylorda,30.7
2012,Percent,,Male,Kyzylorda,32.1
2013,Percent,,Male,Kyzylorda,27.7
2014,Percent,,Male,Kyzylorda,30.4
2015,Percent,,Male,Kyzylorda,33.0
2016,Percent,,Male,Kyzylorda,35.6
2017,Percent,,Male,Kyzylorda,35.1
2018,Percent,,Male,Kyzylorda,33.1
2010,Percent,,Male,Mangistau,20.3
2011,Percent,,Male,Mangistau,27.3
2012,Percent,,Male,Mangistau,38.1
2013,Percent,,Male,Mangistau,33.8
2014,Percent,,Male,Mangistau,37.4
2015,Percent,,Male,Mangistau,26.4
2016,Percent,,Male,Mangistau,30.2
2017,Percent,,Male,Mangistau,27.4
2018,Percent,,Male,Mangistau,29.8
2010,Percent,,Male,Ontustik Kazakhstan,19.4
2011,Percent,,Male,Ontustik Kazakhstan,22.3
2012,Percent,,Male,Ontustik Kazakhstan,25.2
2013,Percent,,Male,Ontustik Kazakhstan,26.6
2014,Percent,,Male,Ontustik Kazakhstan,37.1
2015,Percent,,Male,Ontustik Kazakhstan,34.6
2016,Percent,,Male,Ontustik Kazakhstan,40.4
2017,Percent,,Male,Ontustik Kazakhstan,43.0
2010,Percent,,Male,Pavlodar,22.7
2011,Percent,,Male,Pavlodar,21.9
2012,Percent,,Male,Pavlodar,24.9
2013,Percent,,Male,Pavlodar,21.7
2014,Percent,,Male,Pavlodar,32.1
2015,Percent,,Male,Pavlodar,27.3
2016,Percent,,Male,Pavlodar,30.2
2017,Percent,,Male,Pavlodar,32.1
2018,Percent,,Male,Pavlodar,30.5
2010,Percent,,Male,Soltustik Kazakhstan,14.4
2011,Percent,,Male,Soltustik Kazakhstan,19.0
2012,Percent,,Male,Soltustik Kazakhstan,17.6
2013,Percent,,Male,Soltustik Kazakhstan,18.9
2014,Percent,,Male,Soltustik Kazakhstan,27.7
2015,Percent,,Male,Soltustik Kazakhstan,26.8
2016,Percent,,Male,Soltustik Kazakhstan,31.5
2017,Percent,,Male,Soltustik Kazakhstan,30.6
2018,Percent,,Male,Soltustik Kazakhstan,25.4
2018,Percent,,Male,Turkistan,34.4
2010,Percent,,Male,Shygys Kazakhstan,20.3
2011,Percent,,Male,Shygys Kazakhstan,24.5
2012,Percent,,Male,Shygys Kazakhstan,32.2
2013,Percent,,Male,Shygys Kazakhstan,16.6
2014,Percent,,Male,Shygys Kazakhstan,32.2
2015,Percent,,Male,Shygys Kazakhstan,29.6
2016,Percent,,Male,Shygys Kazakhstan,31.5
2017,Percent,,Male,Shygys Kazakhstan,32.6
2018,Percent,,Male,Shygys Kazakhstan,34.8
2010,Percent,,Male,Nur-Sultan city,51.8
2011,Percent,,Male,Nur-Sultan city,64.8
2012,Percent,,Male,Nur-Sultan city,54.3
2013,Percent,,Male,Nur-Sultan city,33.0
2014,Percent,,Male,Nur-Sultan city,37.6
2015,Percent,,Male,Nur-Sultan city,39.7
2016,Percent,,Male,Nur-Sultan city,40.4
2017,Percent,,Male,Nur-Sultan city,41.8
2018,Percent,,Male,Nur-Sultan city,44.0
2010,Percent,,Male,Almaty city,57.7
2011,Percent,,Male,Almaty city,53.6
2012,Percent,,Male,Almaty city,71.4
2013,Percent,,Male,Almaty city,59.9
2014,Percent,,Male,Almaty city,66.6
2015,Percent,,Male,Almaty city,72.9
2016,Percent,,Male,Almaty city,61.2
2017,Percent,,Male,Almaty city,61.3
2018,Percent,,Male,Almaty city,63.0
2018,Percent,,Male,Shymkent city,58.9
2010,Percent,,Female,,36.6
2011,Percent,,Female,,40.0
2012,Percent,,Female,,42.6
2013,Percent,,Female,,43.1
2014,Percent,,Female,,47.1
2015,Percent,,Female,,50.4
2016,Percent,,Female,,49.5
2017,Percent,,Female,,51.0
2018,Percent,,Female,,50.5
2010,Percent,,Female,Akmola,26.6
2011,Percent,,Female,Akmola,25.4
2012,Percent,,Female,Akmola,34.5
2013,Percent,,Female,Akmola,32.8
2014,Percent,,Female,Akmola,39.8
2015,Percent,,Female,Akmola,36.5
2016,Percent,,Female,Akmola,39.7
2017,Percent,,Female,Akmola,39.4
2018,Percent,,Female,Akmola,44.2
2010,Percent,,Female,Aktobe,40.6
2011,Percent,,Female,Aktobe,49.4
2012,Percent,,Female,Aktobe,41.4
2013,Percent,,Female,Aktobe,55.1
2014,Percent,,Female,Aktobe,45.9
2015,Percent,,Female,Aktobe,46.2
2016,Percent,,Female,Aktobe,45.0
2017,Percent,,Female,Aktobe,57.4
2018,Percent,,Female,Aktobe,47.6
2010,Percent,,Female,Almaty,35.9
2011,Percent,,Female,Almaty,35.0
2012,Percent,,Female,Almaty,28.3
2013,Percent,,Female,Almaty,25.4
2014,Percent,,Female,Almaty,33.4
2015,Percent,,Female,Almaty,36.2
2016,Percent,,Female,Almaty,35.5
2017,Percent,,Female,Almaty,38.6
2018,Percent,,Female,Almaty,41.2
2010,Percent,,Female,Atyrau,29.0
2011,Percent,,Female,Atyrau,35.4
2012,Percent,,Female,Atyrau,55.3
2013,Percent,,Female,Atyrau,50.6
2014,Percent,,Female,Atyrau,55.2
2015,Percent,,Female,Atyrau,46.5
2016,Percent,,Female,Atyrau,59.1
2017,Percent,,Female,Atyrau,55.6
2018,Percent,,Female,Atyrau,60.1
2010,Percent,,Female,Batys Kazakhstan,34.6
2011,Percent,,Female,Batys Kazakhstan,37.8
2012,Percent,,Female,Batys Kazakhstan,39.0
2013,Percent,,Female,Batys Kazakhstan,41.6
2014,Percent,,Female,Batys Kazakhstan,47.9
2015,Percent,,Female,Batys Kazakhstan,45.4
2016,Percent,,Female,Batys Kazakhstan,46.0
2017,Percent,,Female,Batys Kazakhstan,40.2
2018,Percent,,Female,Batys Kazakhstan,41.0
2010,Percent,,Female,Zhambyl,22.8
2011,Percent,,Female,Zhambyl,29.6
2012,Percent,,Female,Zhambyl,30.5
2013,Percent,,Female,Zhambyl,21.6
2014,Percent,,Female,Zhambyl,34.0
2015,Percent,,Female,Zhambyl,38.2
2016,Percent,,Female,Zhambyl,35.2
2017,Percent,,Female,Zhambyl,42.0
2018,Percent,,Female,Zhambyl,41.3
2010,Percent,,Female,Karagandy,37.6
2011,Percent,,Female,Karagandy,38.8
2012,Percent,,Female,Karagandy,47.4
2013,Percent,,Female,Karagandy,46.9
2014,Percent,,Female,Karagandy,46.9
2015,Percent,,Female,Karagandy,55.7
2016,Percent,,Female,Karagandy,46.1
2017,Percent,,Female,Karagandy,49.3
2018,Percent,,Female,Karagandy,48.5
2010,Percent,,Female,Kostanay,43.5
2011,Percent,,Female,Kostanay,33.8
2012,Percent,,Female,Kostanay,32.8
2013,Percent,,Female,Kostanay,34.1
2014,Percent,,Female,Kostanay,41.2
2015,Percent,,Female,Kostanay,39.7
2016,Percent,,Female,Kostanay,42.1
2017,Percent,,Female,Kostanay,41.7
2018,Percent,,Female,Kostanay,38.1
2010,Percent,,Female,Kyzylorda,38.3
2011,Percent,,Female,Kyzylorda,42.5
2012,Percent,,Female,Kyzylorda,44.9
2013,Percent,,Female,Kyzylorda,45.3
2014,Percent,,Female,Kyzylorda,39.4
2015,Percent,,Female,Kyzylorda,44.9
2016,Percent,,Female,Kyzylorda,46.7
2017,Percent,,Female,Kyzylorda,44.9
2018,Percent,,Female,Kyzylorda,43.8
2010,Percent,,Female,Mangistau,30.1
2011,Percent,,Female,Mangistau,40.9
2012,Percent,,Female,Mangistau,47.6
2013,Percent,,Female,Mangistau,29.1
2014,Percent,,Female,Mangistau,50.3
2015,Percent,,Female,Mangistau,36.7
2016,Percent,,Female,Mangistau,46.8
2017,Percent,,Female,Mangistau,36.5
2018,Percent,,Female,Mangistau,35.9
2010,Percent,,Female,Ontustik Kazakhstan,26.6
2011,Percent,,Female,Ontustik Kazakhstan,32.0
2012,Percent,,Female,Ontustik Kazakhstan,33.9
2013,Percent,,Female,Ontustik Kazakhstan,34.3
2014,Percent,,Female,Ontustik Kazakhstan,47.8
2015,Percent,,Female,Ontustik Kazakhstan,47.4
2016,Percent,,Female,Ontustik Kazakhstan,52.4
2017,Percent,,Female,Ontustik Kazakhstan,55.2
2010,Percent,,Female,Pavlodar,27.9
2011,Percent,,Female,Pavlodar,31.5
2012,Percent,,Female,Pavlodar,36.3
2013,Percent,,Female,Pavlodar,32.2
2014,Percent,,Female,Pavlodar,44.0
2015,Percent,,Female,Pavlodar,40.5
2016,Percent,,Female,Pavlodar,37.6
2017,Percent,,Female,Pavlodar,45.4
2018,Percent,,Female,Pavlodar,40.6
2010,Percent,,Female,Soltustik Kazakhstan,23.0
2011,Percent,,Female,Soltustik Kazakhstan,32.7
2012,Percent,,Female,Soltustik Kazakhstan,39.4
2013,Percent,,Female,Soltustik Kazakhstan,33.1
2014,Percent,,Female,Soltustik Kazakhstan,36.8
2015,Percent,,Female,Soltustik Kazakhstan,45.2
2016,Percent,,Female,Soltustik Kazakhstan,44.6
2017,Percent,,Female,Soltustik Kazakhstan,38.9
2018,Percent,,Female,Soltustik Kazakhstan,31.5
2018,Percent,,Female,Turkistan,49.2
2010,Percent,,Female,Shygys Kazakhstan,34.8
2011,Percent,,Female,Shygys Kazakhstan,35.8
2012,Percent,,Female,Shygys Kazakhstan,37.4
2013,Percent,,Female,Shygys Kazakhstan,46.4
2014,Percent,,Female,Shygys Kazakhstan,46.4
2015,Percent,,Female,Shygys Kazakhstan,46.2
2016,Percent,,Female,Shygys Kazakhstan,46.7
2017,Percent,,Female,Shygys Kazakhstan,49.0
2018,Percent,,Female,Shygys Kazakhstan,44.2
2010,Percent,,Female,Nur-Sultan city,72.2
2011,Percent,,Female,Nur-Sultan city,71.8
2012,Percent,,Female,Nur-Sultan city,67.3
2013,Percent,,Female,Nur-Sultan city,77.8
2014,Percent,,Female,Nur-Sultan city,62.6
2015,Percent,,Female,Nur-Sultan city,66.9
2016,Percent,,Female,Nur-Sultan city,69.6
2017,Percent,,Female,Nur-Sultan city,74.5
2018,Percent,,Female,Nur-Sultan city,80.5
2010,Percent,,Female,Almaty city,64.6
2011,Percent,,Female,Almaty city,66.2
2012,Percent,,Female,Almaty city,71.3
2013,Percent,,Female,Almaty city,68.8
2014,Percent,,Female,Almaty city,72.1
2015,Percent,,Female,Almaty city,80.8
2016,Percent,,Female,Almaty city,71.8
2017,Percent,,Female,Almaty city,69.3
2018,Percent,,Female,Almaty city,69.2
2018,Percent,,Female,Shymkent city,57.7
2010,Percent,Population of urban areas,,,42.7
2011,Percent,Population of urban areas,,,44.8
2012,Percent,Population of urban areas,,,47.8
2013,Percent,Population of urban areas,,,49.3
2014,Percent,Population of urban areas,,,52.5
2015,Percent,Population of urban areas,,,53.8
2016,Percent,Population of urban areas,,,52.8
2017,Percent,Population of urban areas,,,53.8
2018,Percent,Population of urban areas,,,53.7
2010,Percent,Population of urban areas,,Akmola,39.9
2011,Percent,Population of urban areas,,Akmola,32.8
2012,Percent,Population of urban areas,,Akmola,26.9
2013,Percent,Population of urban areas,,Akmola,31.3
2014,Percent,Population of urban areas,,Akmola,43.3
2015,Percent,Population of urban areas,,Akmola,37.6
2016,Percent,Population of urban areas,,Akmola,39.9
2017,Percent,Population of urban areas,,Akmola,38.4
2018,Percent,Population of urban areas,,Akmola,45.1
2010,Percent,Population of urban areas,,Aktobe,34.2
2011,Percent,Population of urban areas,,Aktobe,55.4
2012,Percent,Population of urban areas,,Aktobe,45.9
2013,Percent,Population of urban areas,,Aktobe,58.1
2014,Percent,Population of urban areas,,Aktobe,38.3
2015,Percent,Population of urban areas,,Aktobe,40.1
2016,Percent,Population of urban areas,,Aktobe,42.7
2017,Percent,Population of urban areas,,Aktobe,49.9
2018,Percent,Population of urban areas,,Aktobe,39.5
2010,Percent,Population of urban areas,,Almaty,30.2
2011,Percent,Population of urban areas,,Almaty,28.0
2012,Percent,Population of urban areas,,Almaty,27.9
2013,Percent,Population of urban areas,,Almaty,30.8
2014,Percent,Population of urban areas,,Almaty,40.2
2015,Percent,Population of urban areas,,Almaty,43.0
2016,Percent,Population of urban areas,,Almaty,42.3
2017,Percent,Population of urban areas,,Almaty,42.0
2018,Percent,Population of urban areas,,Almaty,43.4
2010,Percent,Population of urban areas,,Atyrau,33.3
2011,Percent,Population of urban areas,,Atyrau,39.1
2012,Percent,Population of urban areas,,Atyrau,53.6
2013,Percent,Population of urban areas,,Atyrau,49.1
2014,Percent,Population of urban areas,,Atyrau,63.9
2015,Percent,Population of urban areas,,Atyrau,42.1
2016,Percent,Population of urban areas,,Atyrau,58.9
2017,Percent,Population of urban areas,,Atyrau,50.0
2018,Percent,Population of urban areas,,Atyrau,58.5
2010,Percent,Population of urban areas,,Batys Kazakhstan,48.3
2011,Percent,Population of urban areas,,Batys Kazakhstan,47.6
2012,Percent,Population of urban areas,,Batys Kazakhstan,49.2
2013,Percent,Population of urban areas,,Batys Kazakhstan,43.8
2014,Percent,Population of urban areas,,Batys Kazakhstan,55.6
2015,Percent,Population of urban areas,,Batys Kazakhstan,52.1
2016,Percent,Population of urban areas,,Batys Kazakhstan,48.2
2017,Percent,Population of urban areas,,Batys Kazakhstan,51.3
2018,Percent,Population of urban areas,,Batys Kazakhstan,45.1
2010,Percent,Population of urban areas,,Zhambyl,25.8
2011,Percent,Population of urban areas,,Zhambyl,30.3
2012,Percent,Population of urban areas,,Zhambyl,43.9
2013,Percent,Population of urban areas,,Zhambyl,34.0
2014,Percent,Population of urban areas,,Zhambyl,38.7
2015,Percent,Population of urban areas,,Zhambyl,43.2
2016,Percent,Population of urban areas,,Zhambyl,44.3
2017,Percent,Population of urban areas,,Zhambyl,47.1
2018,Percent,Population of urban areas,,Zhambyl,43.0
2010,Percent,Population of urban areas,,Karagandy,35.9
2011,Percent,Population of urban areas,,Karagandy,37.9
2012,Percent,Population of urban areas,,Karagandy,39.2
2013,Percent,Population of urban areas,,Karagandy,41.2
2014,Percent,Population of urban areas,,Karagandy,44.7
2015,Percent,Population of urban areas,,Karagandy,46.5
2016,Percent,Population of urban areas,,Karagandy,44.2
2017,Percent,Population of urban areas,,Karagandy,43.7
2018,Percent,Population of urban areas,,Karagandy,44.1
2010,Percent,Population of urban areas,,Kostanay,46.0
2011,Percent,Population of urban areas,,Kostanay,33.6
2012,Percent,Population of urban areas,,Kostanay,31.9
2013,Percent,Population of urban areas,,Kostanay,35.7
2014,Percent,Population of urban areas,,Kostanay,47.0
2015,Percent,Population of urban areas,,Kostanay,37.3
2016,Percent,Population of urban areas,,Kostanay,42.3
2017,Percent,Population of urban areas,,Kostanay,43.4
2018,Percent,Population of urban areas,,Kostanay,37.2
2010,Percent,Population of urban areas,,Kyzylorda,45.9
2011,Percent,Population of urban areas,,Kyzylorda,46.9
2012,Percent,Population of urban areas,,Kyzylorda,43.5
2013,Percent,Population of urban areas,,Kyzylorda,41.2
2014,Percent,Population of urban areas,,Kyzylorda,41.6
2015,Percent,Population of urban areas,,Kyzylorda,48.3
2016,Percent,Population of urban areas,,Kyzylorda,44.7
2017,Percent,Population of urban areas,,Kyzylorda,43.5
2018,Percent,Population of urban areas,,Kyzylorda,44.8
2010,Percent,Population of urban areas,,Mangistau,26.4
2011,Percent,Population of urban areas,,Mangistau,36.3
2012,Percent,Population of urban areas,,Mangistau,40.7
2013,Percent,Population of urban areas,,Mangistau,32.6
2014,Percent,Population of urban areas,,Mangistau,47.2
2015,Percent,Population of urban areas,,Mangistau,33.3
2016,Percent,Population of urban areas,,Mangistau,42.4
2017,Percent,Population of urban areas,,Mangistau,35.9
2018,Percent,Population of urban areas,,Mangistau,40.5
2010,Percent,Population of urban areas,,Ontustik Kazakhstan,37.0
2011,Percent,Population of urban areas,,Ontustik Kazakhstan,41.4
2012,Percent,Population of urban areas,,Ontustik Kazakhstan,46.0
2013,Percent,Population of urban areas,,Ontustik Kazakhstan,49.6
2014,Percent,Population of urban areas,,Ontustik Kazakhstan,52.1
2015,Percent,Population of urban areas,,Ontustik Kazakhstan,48.1
2016,Percent,Population of urban areas,,Ontustik Kazakhstan,59.1
2017,Percent,Population of urban areas,,Ontustik Kazakhstan,61.0
2010,Percent,Population of urban areas,,Pavlodar,32.0
2011,Percent,Population of urban areas,,Pavlodar,32.9
2012,Percent,Population of urban areas,,Pavlodar,37.7
2013,Percent,Population of urban areas,,Pavlodar,29.6
2014,Percent,Population of urban areas,,Pavlodar,44.0
2015,Percent,Population of urban areas,,Pavlodar,38.2
2016,Percent,Population of urban areas,,Pavlodar,38.5
2017,Percent,Population of urban areas,,Pavlodar,45.4
2018,Percent,Population of urban areas,,Pavlodar,39.9
2010,Percent,Population of urban areas,,Soltustik Kazakhstan,34.5
2011,Percent,Population of urban areas,,Soltustik Kazakhstan,37.3
2012,Percent,Population of urban areas,,Soltustik Kazakhstan,39.3
2013,Percent,Population of urban areas,,Soltustik Kazakhstan,35.9
2014,Percent,Population of urban areas,,Soltustik Kazakhstan,41.3
2015,Percent,Population of urban areas,,Soltustik Kazakhstan,47.1
2016,Percent,Population of urban areas,,Soltustik Kazakhstan,54.9
2017,Percent,Population of urban areas,,Soltustik Kazakhstan,47.0
2018,Percent,Population of urban areas,,Soltustik Kazakhstan,36.2
2018,Percent,Population of urban areas,,Turkistan,43.9
2010,Percent,Population of urban areas,,Shygys Kazakhstan,37.8
2011,Percent,Population of urban areas,,Shygys Kazakhstan,37.8
2012,Percent,Population of urban areas,,Shygys Kazakhstan,42.4
2013,Percent,Population of urban areas,,Shygys Kazakhstan,37.6
2014,Percent,Population of urban areas,,Shygys Kazakhstan,48.5
2015,Percent,Population of urban areas,,Shygys Kazakhstan,43.1
2016,Percent,Population of urban areas,,Shygys Kazakhstan,43.3
2017,Percent,Population of urban areas,,Shygys Kazakhstan,46.4
2018,Percent,Population of urban areas,,Shygys Kazakhstan,46.3
2010,Percent,Population of urban areas,,Nur-Sultan city,61.4
2011,Percent,Population of urban areas,,Nur-Sultan city,68.3
2012,Percent,Population of urban areas,,Nur-Sultan city,60.4
2013,Percent,Population of urban areas,,Nur-Sultan city,75.8
2014,Percent,Population of urban areas,,Nur-Sultan city,61.8
2015,Percent,Population of urban areas,,Nur-Sultan city,64.1
2016,Percent,Population of urban areas,,Nur-Sultan city,64.6
2017,Percent,Population of urban areas,,Nur-Sultan city,68.4
2018,Percent,Population of urban areas,,Nur-Sultan city,77.0
2010,Percent,Population of urban areas,,Almaty city,61.1
2011,Percent,Population of urban areas,,Almaty city,60.0
2012,Percent,Population of urban areas,,Almaty city,71.4
2013,Percent,Population of urban areas,,Almaty city,66.9
2014,Percent,Population of urban areas,,Almaty city,73.1
2015,Percent,Population of urban areas,,Almaty city,79.9
2016,Percent,Population of urban areas,,Almaty city,68.5
2017,Percent,Population of urban areas,,Almaty city,67.2
2018,Percent,Population of urban areas,,Almaty city,67.9
2018,Percent,Population of urban areas,,Shymkent city,60.0
2010,Percent,Population of urban areas,Male,,37.6
2011,Percent,Population of urban areas,Male,,38.6
2012,Percent,Population of urban areas,Male,,41.9
2013,Percent,Population of urban areas,Male,,43.8
2014,Percent,Population of urban areas,Male,,48.3
2015,Percent,Population of urban areas,Male,,48.2
2016,Percent,Population of urban areas,Male,,47.8
2017,Percent,Population of urban areas,Male,,48.4
2018,Percent,Population of urban areas,Male,,49.5
2010,Percent,Population of urban areas,Male,Akmola,43.3
2011,Percent,Population of urban areas,Male,Akmola,31.7
2012,Percent,Population of urban areas,Male,Akmola,19.8
2013,Percent,Population of urban areas,Male,Akmola,29.7
2014,Percent,Population of urban areas,Male,Akmola,38.8
2015,Percent,Population of urban areas,Male,Akmola,32.8
2016,Percent,Population of urban areas,Male,Akmola,37.9
2017,Percent,Population of urban areas,Male,Akmola,35.0
2018,Percent,Population of urban areas,Male,Akmola,41.5
2010,Percent,Population of urban areas,Male,Aktobe,19.3
2011,Percent,Population of urban areas,Male,Aktobe,41.5
2012,Percent,Population of urban areas,Male,Aktobe,37.5
2013,Percent,Population of urban areas,Male,Aktobe,47.0
2014,Percent,Population of urban areas,Male,Aktobe,27.2
2015,Percent,Population of urban areas,Male,Aktobe,32.1
2016,Percent,Population of urban areas,Male,Aktobe,38.0
2017,Percent,Population of urban areas,Male,Aktobe,36.2
2018,Percent,Population of urban areas,Male,Aktobe,31.0
2010,Percent,Population of urban areas,Male,Almaty,22.9
2011,Percent,Population of urban areas,Male,Almaty,17.9
2012,Percent,Population of urban areas,Male,Almaty,24.0
2013,Percent,Population of urban areas,Male,Almaty,27.5
2014,Percent,Population of urban areas,Male,Almaty,35.4
2015,Percent,Population of urban areas,Male,Almaty,35.9
2016,Percent,Population of urban areas,Male,Almaty,35.7
2017,Percent,Population of urban areas,Male,Almaty,37.8
2018,Percent,Population of urban areas,Male,Almaty,35.5
2010,Percent,Population of urban areas,Male,Atyrau,30.4
2011,Percent,Population of urban areas,Male,Atyrau,34.3
2012,Percent,Population of urban areas,Male,Atyrau,43.3
2013,Percent,Population of urban areas,Male,Atyrau,40.5
2014,Percent,Population of urban areas,Male,Atyrau,59.8
2015,Percent,Population of urban areas,Male,Atyrau,36.3
2016,Percent,Population of urban areas,Male,Atyrau,55.7
2017,Percent,Population of urban areas,Male,Atyrau,43.2
2018,Percent,Population of urban areas,Male,Atyrau,55.1
2010,Percent,Population of urban areas,Male,Batys Kazakhstan,49.2
2011,Percent,Population of urban areas,Male,Batys Kazakhstan,46.6
2012,Percent,Population of urban areas,Male,Batys Kazakhstan,40.1
2013,Percent,Population of urban areas,Male,Batys Kazakhstan,36.6
2014,Percent,Population of urban areas,Male,Batys Kazakhstan,48.2
2015,Percent,Population of urban areas,Male,Batys Kazakhstan,46.1
2016,Percent,Population of urban areas,Male,Batys Kazakhstan,38.1
2017,Percent,Population of urban areas,Male,Batys Kazakhstan,45.5
2018,Percent,Population of urban areas,Male,Batys Kazakhstan,36.6
2010,Percent,Population of urban areas,Male,Zhambyl,17.8
2011,Percent,Population of urban areas,Male,Zhambyl,21.8
2012,Percent,Population of urban areas,Male,Zhambyl,38.2
2013,Percent,Population of urban areas,Male,Zhambyl,33.6
2014,Percent,Population of urban areas,Male,Zhambyl,35.3
2015,Percent,Population of urban areas,Male,Zhambyl,36.1
2016,Percent,Population of urban areas,Male,Zhambyl,36.1
2017,Percent,Population of urban areas,Male,Zhambyl,42.2
2018,Percent,Population of urban areas,Male,Zhambyl,39.6
2010,Percent,Population of urban areas,Male,Karagandy,32.7
2011,Percent,Population of urban areas,Male,Karagandy,34.9
2012,Percent,Population of urban areas,Male,Karagandy,32.3
2013,Percent,Population of urban areas,Male,Karagandy,35.1
2014,Percent,Population of urban areas,Male,Karagandy,40.2
2015,Percent,Population of urban areas,Male,Karagandy,35.8
2016,Percent,Population of urban areas,Male,Karagandy,41.6
2017,Percent,Population of urban areas,Male,Karagandy,37.5
2018,Percent,Population of urban areas,Male,Karagandy,38.6
2010,Percent,Population of urban areas,Male,Kostanay,35.8
2011,Percent,Population of urban areas,Male,Kostanay,26.8
2012,Percent,Population of urban areas,Male,Kostanay,26.9
2013,Percent,Population of urban areas,Male,Kostanay,33.3
2014,Percent,Population of urban areas,Male,Kostanay,44.7
2015,Percent,Population of urban areas,Male,Kostanay,32.5
2016,Percent,Population of urban areas,Male,Kostanay,34.6
2017,Percent,Population of urban areas,Male,Kostanay,38.6
2018,Percent,Population of urban areas,Male,Kostanay,32.3
2010,Percent,Population of urban areas,Male,Kyzylorda,37.5
2011,Percent,Population of urban areas,Male,Kyzylorda,40.0
2012,Percent,Population of urban areas,Male,Kyzylorda,39.2
2013,Percent,Population of urban areas,Male,Kyzylorda,38.7
2014,Percent,Population of urban areas,Male,Kyzylorda,38.2
2015,Percent,Population of urban areas,Male,Kyzylorda,43.0
2016,Percent,Population of urban areas,Male,Kyzylorda,37.6
2017,Percent,Population of urban areas,Male,Kyzylorda,36.1
2018,Percent,Population of urban areas,Male,Kyzylorda,39.1
2010,Percent,Population of urban areas,Male,Mangistau,22.0
2011,Percent,Population of urban areas,Male,Mangistau,26.8
2012,Percent,Population of urban areas,Male,Mangistau,34.0
2013,Percent,Population of urban areas,Male,Mangistau,34.9
2014,Percent,Population of urban areas,Male,Mangistau,45.4
2015,Percent,Population of urban areas,Male,Mangistau,29.3
2016,Percent,Population of urban areas,Male,Mangistau,33.6
2017,Percent,Population of urban areas,Male,Mangistau,30.2
2018,Percent,Population of urban areas,Male,Mangistau,37.3
2010,Percent,Population of urban areas,Male,Ontustik Kazakhstan,31.7
2011,Percent,Population of urban areas,Male,Ontustik Kazakhstan,35.9
2012,Percent,Population of urban areas,Male,Ontustik Kazakhstan,37.2
2013,Percent,Population of urban areas,Male,Ontustik Kazakhstan,45.5
2014,Percent,Population of urban areas,Male,Ontustik Kazakhstan,47.0
2015,Percent,Population of urban areas,Male,Ontustik Kazakhstan,43.3
2016,Percent,Population of urban areas,Male,Ontustik Kazakhstan,59.6
2017,Percent,Population of urban areas,Male,Ontustik Kazakhstan,57.9
2010,Percent,Population of urban areas,Male,Pavlodar,31.5
2011,Percent,Population of urban areas,Male,Pavlodar,26.1
2012,Percent,Population of urban areas,Male,Pavlodar,32.7
2013,Percent,Population of urban areas,Male,Pavlodar,25.9
2014,Percent,Population of urban areas,Male,Pavlodar,38.0
2015,Percent,Population of urban areas,Male,Pavlodar,32.5
2016,Percent,Population of urban areas,Male,Pavlodar,34.3
2017,Percent,Population of urban areas,Male,Pavlodar,37.9
2018,Percent,Population of urban areas,Male,Pavlodar,36.8
2010,Percent,Population of urban areas,Male,Soltustik Kazakhstan,27.7
2011,Percent,Population of urban areas,Male,Soltustik Kazakhstan,26.6
2012,Percent,Population of urban areas,Male,Soltustik Kazakhstan,20.7
2013,Percent,Population of urban areas,Male,Soltustik Kazakhstan,26.2
2014,Percent,Population of urban areas,Male,Soltustik Kazakhstan,35.4
2015,Percent,Population of urban areas,Male,Soltustik Kazakhstan,36.6
2016,Percent,Population of urban areas,Male,Soltustik Kazakhstan,49.5
2017,Percent,Population of urban areas,Male,Soltustik Kazakhstan,43.1
2018,Percent,Population of urban areas,Male,Soltustik Kazakhstan,35.4
2018,Percent,Population of urban areas,Male,Turkistan,40.1
2010,Percent,Population of urban areas,Male,Shygys Kazakhstan,30.9
2011,Percent,Population of urban areas,Male,Shygys Kazakhstan,32.7
2012,Percent,Population of urban areas,Male,Shygys Kazakhstan,40.1
2013,Percent,Population of urban areas,Male,Shygys Kazakhstan,19.1
2014,Percent,Population of urban areas,Male,Shygys Kazakhstan,41.1
2015,Percent,Population of urban areas,Male,Shygys Kazakhstan,36.3
2016,Percent,Population of urban areas,Male,Shygys Kazakhstan,34.9
2017,Percent,Population of urban areas,Male,Shygys Kazakhstan,38.7
2018,Percent,Population of urban areas,Male,Shygys Kazakhstan,40.8
2010,Percent,Population of urban areas,Male,Nur-Sultan city,51.8
2011,Percent,Population of urban areas,Male,Nur-Sultan city,64.8
2012,Percent,Population of urban areas,Male,Nur-Sultan city,54.3
2013,Percent,Population of urban areas,Male,Nur-Sultan city,73.8
2014,Percent,Population of urban areas,Male,Nur-Sultan city,61.1
2015,Percent,Population of urban areas,Male,Nur-Sultan city,61.3
2016,Percent,Population of urban areas,Male,Nur-Sultan city,59.9
2017,Percent,Population of urban areas,Male,Nur-Sultan city,63.0
2018,Percent,Population of urban areas,Male,Nur-Sultan city,73.7
2010,Percent,Population of urban areas,Male,Almaty city,57.7
2011,Percent,Population of urban areas,Male,Almaty city,53.6
2012,Percent,Population of urban areas,Male,Almaty city,71.4
2013,Percent,Population of urban areas,Male,Almaty city,64.7
2014,Percent,Population of urban areas,Male,Almaty city,74.2
2015,Percent,Population of urban areas,Male,Almaty city,78.9
2016,Percent,Population of urban areas,Male,Almaty city,65.2
2017,Percent,Population of urban areas,Male,Almaty city,65.1
2018,Percent,Population of urban areas,Male,Almaty city,66.4
2018,Percent,Population of urban areas,Male,Shymkent city,62.4
2010,Percent,Population of urban areas,Female,,48.3
2011,Percent,Population of urban areas,Female,,51.2
2012,Percent,Population of urban areas,Female,,54.3
2013,Percent,Population of urban areas,Female,,55.2
2014,Percent,Population of urban areas,Female,,57.0
2015,Percent,Population of urban areas,Female,,59.6
2016,Percent,Population of urban areas,Female,,58.2
2017,Percent,Population of urban areas,Female,,60.0
2018,Percent,Population of urban areas,Female,,58.1
2010,Percent,Population of urban areas,Female,Akmola,36.5
2011,Percent,Population of urban areas,Female,Akmola,33.9
2012,Percent,Population of urban areas,Female,Akmola,36.8
2013,Percent,Population of urban areas,Female,Akmola,33.1
2014,Percent,Population of urban areas,Female,Akmola,47.9
2015,Percent,Population of urban areas,Female,Akmola,42.3
2016,Percent,Population of urban areas,Female,Akmola,42.1
2017,Percent,Population of urban areas,Female,Akmola,42.3
2018,Percent,Population of urban areas,Female,Akmola,48.8
2010,Percent,Population of urban areas,Female,Aktobe,45.9
2011,Percent,Population of urban areas,Female,Aktobe,66.9
2012,Percent,Population of urban areas,Female,Aktobe,54.9
2013,Percent,Population of urban areas,Female,Aktobe,68.4
2014,Percent,Population of urban areas,Female,Aktobe,50.0
2015,Percent,Population of urban areas,Female,Aktobe,49.2
2016,Percent,Population of urban areas,Female,Aktobe,48.3
2017,Percent,Population of urban areas,Female,Aktobe,65.0
2018,Percent,Population of urban areas,Female,Aktobe,48.3
2010,Percent,Population of urban areas,Female,Almaty,38.5
2011,Percent,Population of urban areas,Female,Almaty,38.2
2012,Percent,Population of urban areas,Female,Almaty,32.5
2013,Percent,Population of urban areas,Female,Almaty,35.1
2014,Percent,Population of urban areas,Female,Almaty,45.4
2015,Percent,Population of urban areas,Female,Almaty,51.0
2016,Percent,Population of urban areas,Female,Almaty,49.9
2017,Percent,Population of urban areas,Female,Almaty,46.2
2018,Percent,Population of urban areas,Female,Almaty,52.0
2010,Percent,Population of urban areas,Female,Atyrau,36.9
2011,Percent,Population of urban areas,Female,Atyrau,43.8
2012,Percent,Population of urban areas,Female,Atyrau,64.9
2013,Percent,Population of urban areas,Female,Atyrau,58.1
2014,Percent,Population of urban areas,Female,Atyrau,68.0
2015,Percent,Population of urban areas,Female,Atyrau,48.0
2016,Percent,Population of urban areas,Female,Atyrau,62.2
2017,Percent,Population of urban areas,Female,Atyrau,57.3
2018,Percent,Population of urban areas,Female,Atyrau,61.6
2010,Percent,Population of urban areas,Female,Batys Kazakhstan,47.0
2011,Percent,Population of urban areas,Female,Batys Kazakhstan,48.7
2012,Percent,Population of urban areas,Female,Batys Kazakhstan,58.9
2013,Percent,Population of urban areas,Female,Batys Kazakhstan,52.2
2014,Percent,Population of urban areas,Female,Batys Kazakhstan,63.5
2015,Percent,Population of urban areas,Female,Batys Kazakhstan,58.3
2016,Percent,Population of urban areas,Female,Batys Kazakhstan,59.4
2017,Percent,Population of urban areas,Female,Batys Kazakhstan,57.0
2018,Percent,Population of urban areas,Female,Batys Kazakhstan,55.4
2010,Percent,Population of urban areas,Female,Zhambyl,33.4
2011,Percent,Population of urban areas,Female,Zhambyl,38.9
2012,Percent,Population of urban areas,Female,Zhambyl,50.8
2013,Percent,Population of urban areas,Female,Zhambyl,34.5
2014,Percent,Population of urban areas,Female,Zhambyl,42.5
2015,Percent,Population of urban areas,Female,Zhambyl,51.7
2016,Percent,Population of urban areas,Female,Zhambyl,55.4
2017,Percent,Population of urban areas,Female,Zhambyl,54.3
2018,Percent,Population of urban areas,Female,Zhambyl,47.2
2010,Percent,Population of urban areas,Female,Karagandy,39.2
2011,Percent,Population of urban areas,Female,Karagandy,41.2
2012,Percent,Population of urban areas,Female,Karagandy,46.7
2013,Percent,Population of urban areas,Female,Karagandy,48.0
2014,Percent,Population of urban areas,Female,Karagandy,50.4
2015,Percent,Population of urban areas,Female,Karagandy,58.8
2016,Percent,Population of urban areas,Female,Karagandy,47.9
2017,Percent,Population of urban areas,Female,Karagandy,52.5
2018,Percent,Population of urban areas,Female,Karagandy,51.5
2010,Percent,Population of urban areas,Female,Kostanay,56.4
2011,Percent,Population of urban areas,Female,Kostanay,40.1
2012,Percent,Population of urban areas,Female,Kostanay,36.3
2013,Percent,Population of urban areas,Female,Kostanay,38.1
2014,Percent,Population of urban areas,Female,Kostanay,49.2
2015,Percent,Population of urban areas,Female,Kostanay,43.0
2016,Percent,Population of urban areas,Female,Kostanay,50.1
2017,Percent,Population of urban areas,Female,Kostanay,47.9
2018,Percent,Population of urban areas,Female,Kostanay,41.8
2010,Percent,Population of urban areas,Female,Kyzylorda,53.7
2011,Percent,Population of urban areas,Female,Kyzylorda,54.6
2012,Percent,Population of urban areas,Female,Kyzylorda,48.7
2013,Percent,Population of urban areas,Female,Kyzylorda,44.5
2014,Percent,Population of urban areas,Female,Kyzylorda,46.1
2015,Percent,Population of urban areas,Female,Kyzylorda,55.1
2016,Percent,Population of urban areas,Female,Kyzylorda,52.0
2017,Percent,Population of urban areas,Female,Kyzylorda,51.6
2018,Percent,Population of urban areas,Female,Kyzylorda,51.8
2010,Percent,Population of urban areas,Female,Mangistau,33.1
2011,Percent,Population of urban areas,Female,Mangistau,47.8
2012,Percent,Population of urban areas,Female,Mangistau,48.7
2013,Percent,Population of urban areas,Female,Mangistau,30.5
2014,Percent,Population of urban areas,Female,Mangistau,49.4
2015,Percent,Population of urban areas,Female,Mangistau,37.6
2016,Percent,Population of urban areas,Female,Mangistau,55.9
2017,Percent,Population of urban areas,Female,Mangistau,44.1
2018,Percent,Population of urban areas,Female,Mangistau,44.5
2010,Percent,Population of urban areas,Female,Ontustik Kazakhstan,44.7
2011,Percent,Population of urban areas,Female,Ontustik Kazakhstan,48.2
2012,Percent,Population of urban areas,Female,Ontustik Kazakhstan,56.2
2013,Percent,Population of urban areas,Female,Ontustik Kazakhstan,54.7
2014,Percent,Population of urban areas,Female,Ontustik Kazakhstan,57.5
2015,Percent,Population of urban areas,Female,Ontustik Kazakhstan,52.5
2016,Percent,Population of urban areas,Female,Ontustik Kazakhstan,58.5
2017,Percent,Population of urban areas,Female,Ontustik Kazakhstan,65.6
2010,Percent,Population of urban areas,Female,Pavlodar,32.6
2011,Percent,Population of urban areas,Female,Pavlodar,40.8
2012,Percent,Population of urban areas,Female,Pavlodar,43.2
2013,Percent,Population of urban areas,Female,Pavlodar,34.2
2014,Percent,Population of urban areas,Female,Pavlodar,50.1
2015,Percent,Population of urban areas,Female,Pavlodar,45.1
2016,Percent,Population of urban areas,Female,Pavlodar,43.1
2017,Percent,Population of urban areas,Female,Pavlodar,53.1
2018,Percent,Population of urban areas,Female,Pavlodar,42.9
2010,Percent,Population of urban areas,Female,Soltustik Kazakhstan,41.9
2011,Percent,Population of urban areas,Female,Soltustik Kazakhstan,47.8
2012,Percent,Population of urban areas,Female,Soltustik Kazakhstan,55.2
2013,Percent,Population of urban areas,Female,Soltustik Kazakhstan,44.4
2014,Percent,Population of urban areas,Female,Soltustik Kazakhstan,48.9
2015,Percent,Population of urban areas,Female,Soltustik Kazakhstan,58.2
2016,Percent,Population of urban areas,Female,Soltustik Kazakhstan,61.0
2017,Percent,Population of urban areas,Female,Soltustik Kazakhstan,51.7
2018,Percent,Population of urban areas,Female,Soltustik Kazakhstan,37.2
2018,Percent,Population of urban areas,Female,Turkistan,49.1
2010,Percent,Population of urban areas,Female,Shygys Kazakhstan,44.1
2011,Percent,Population of urban areas,Female,Shygys Kazakhstan,43.3
2012,Percent,Population of urban areas,Female,Shygys Kazakhstan,45.0
2013,Percent,Population of urban areas,Female,Shygys Kazakhstan,58.0
2014,Percent,Population of urban areas,Female,Shygys Kazakhstan,56.9
2015,Percent,Population of urban areas,Female,Shygys Kazakhstan,49.9
2016,Percent,Population of urban areas,Female,Shygys Kazakhstan,51.4
2017,Percent,Population of urban areas,Female,Shygys Kazakhstan,55.1
2018,Percent,Population of urban areas,Female,Shygys Kazakhstan,52.0
2010,Percent,Population of urban areas,Female,Nur-Sultan city,72.2
2011,Percent,Population of urban areas,Female,Nur-Sultan city,71.8
2012,Percent,Population of urban areas,Female,Nur-Sultan city,67.3
2013,Percent,Population of urban areas,Female,Nur-Sultan city,77.8
2014,Percent,Population of urban areas,Female,Nur-Sultan city,62.6
2015,Percent,Population of urban areas,Female,Nur-Sultan city,66.9
2016,Percent,Population of urban areas,Female,Nur-Sultan city,69.6
2017,Percent,Population of urban areas,Female,Nur-Sultan city,74.5
2018,Percent,Population of urban areas,Female,Nur-Sultan city,80.5
2010,Percent,Population of urban areas,Female,Almaty city,64.6
2011,Percent,Population of urban areas,Female,Almaty city,66.2
2012,Percent,Population of urban areas,Female,Almaty city,71.3
2013,Percent,Population of urban areas,Female,Almaty city,68.8
2014,Percent,Population of urban areas,Female,Almaty city,72.1
2015,Percent,Population of urban areas,Female,Almaty city,80.8
2016,Percent,Population of urban areas,Female,Almaty city,71.8
2017,Percent,Population of urban areas,Female,Almaty city,69.3
2018,Percent,Population of urban areas,Female,Almaty city,69.2
2018,Percent,Population of urban areas,Female,Shymkent city,57.7
2010,Percent,Population of rural areas,,,19.1
2011,Percent,Population of rural areas,,,21.4
2012,Percent,Population of rural areas,,,24.7
2013,Percent,Population of rural areas,,,22.6
2014,Percent,Population of rural areas,,,28.5
2015,Percent,Population of rural areas,,,28.8
2016,Percent,Population of rural areas,,,29.9
2017,Percent,Population of rural areas,,,31.9
2018,Percent,Population of rural areas,,,32.5
2010,Percent,Population of rural areas,,Akmola,18.2
2011,Percent,Population of rural areas,,Akmola,17.8
2012,Percent,Population of rural areas,,Akmola,21.2
2013,Percent,Population of rural areas,,Akmola,22.3
2014,Percent,Population of rural areas,,Akmola,24.0
2015,Percent,Population of rural areas,,Akmola,26.2
2016,Percent,Population of rural areas,,Akmola,32.5
2017,Percent,Population of rural areas,,Akmola,30.1
2018,Percent,Population of rural areas,,Akmola,33.1
2010,Percent,Population of rural areas,,Aktobe,26.9
2011,Percent,Population of rural areas,,Aktobe,24.3
2012,Percent,Population of rural areas,,Aktobe,27.0
2013,Percent,Population of rural areas,,Aktobe,25.2
2014,Percent,Population of rural areas,,Aktobe,27.6
2015,Percent,Population of rural areas,,Aktobe,28.7
2016,Percent,Population of rural areas,,Aktobe,29.2
2017,Percent,Population of rural areas,,Aktobe,32.6
2018,Percent,Population of rural areas,,Aktobe,30.2
2010,Percent,Population of rural areas,,Almaty,27.7
2011,Percent,Population of rural areas,,Almaty,26.8
2012,Percent,Population of rural areas,,Almaty,26.3
2013,Percent,Population of rural areas,,Almaty,23.7
2014,Percent,Population of rural areas,,Almaty,25.6
2015,Percent,Population of rural areas,,Almaty,26.3
2016,Percent,Population of rural areas,,Almaty,26.0
2017,Percent,Population of rural areas,,Almaty,33.2
2018,Percent,Population of rural areas,,Almaty,32.4
2010,Percent,Population of rural areas,,Atyrau,18.1
2011,Percent,Population of rural areas,,Atyrau,21.7
2012,Percent,Population of rural areas,,Atyrau,34.8
2013,Percent,Population of rural areas,,Atyrau,31.8
2014,Percent,Population of rural areas,,Atyrau,30.6
2015,Percent,Population of rural areas,,Atyrau,31.2
2016,Percent,Population of rural areas,,Atyrau,39.2
2017,Percent,Population of rural areas,,Atyrau,32.7
2018,Percent,Population of rural areas,,Atyrau,46.9
2010,Percent,Population of rural areas,,Batys Kazakhstan,21.6
2011,Percent,Population of rural areas,,Batys Kazakhstan,20.8
2012,Percent,Population of rural areas,,Batys Kazakhstan,20.6
2013,Percent,Population of rural areas,,Batys Kazakhstan,26.6
2014,Percent,Population of rural areas,,Batys Kazakhstan,26.0
2015,Percent,Population of rural areas,,Batys Kazakhstan,25.7
2016,Percent,Population of rural areas,,Batys Kazakhstan,24.9
2017,Percent,Population of rural areas,,Batys Kazakhstan,22.3
2018,Percent,Population of rural areas,,Batys Kazakhstan,25.3
2010,Percent,Population of rural areas,,Zhambyl,13.8
2011,Percent,Population of rural areas,,Zhambyl,18.9
2012,Percent,Population of rural areas,,Zhambyl,21.7
2013,Percent,Population of rural areas,,Zhambyl,17.7
2014,Percent,Population of rural areas,,Zhambyl,23.9
2015,Percent,Population of rural areas,,Zhambyl,25.4
2016,Percent,Population of rural areas,,Zhambyl,22.5
2017,Percent,Population of rural areas,,Zhambyl,28.7
2018,Percent,Population of rural areas,,Zhambyl,32.11
2010,Percent,Population of rural areas,,Karagandy,20.6
2011,Percent,Population of rural areas,,Karagandy,26.3
2012,Percent,Population of rural areas,,Karagandy,44.6
2013,Percent,Population of rural areas,,Karagandy,34.5
2014,Percent,Population of rural areas,,Karagandy,23.0
2015,Percent,Population of rural areas,,Karagandy,28.1
2016,Percent,Population of rural areas,,Karagandy,28.5
2017,Percent,Population of rural areas,,Karagandy,30.7
2018,Percent,Population of rural areas,,Karagandy,26.8
2010,Percent,Population of rural areas,,Kostanay,17.8
2011,Percent,Population of rural areas,,Kostanay,19.6
2012,Percent,Population of rural areas,,Kostanay,26.2
2013,Percent,Population of rural areas,,Kostanay,21.3
2014,Percent,Population of rural areas,,Kostanay,25.6
2015,Percent,Population of rural areas,,Kostanay,27.3
2016,Percent,Population of rural areas,,Kostanay,25.6
2017,Percent,Population of rural areas,,Kostanay,28.1
2018,Percent,Population of rural areas,,Kostanay,25.8
2010,Percent,Population of rural areas,,Kyzylorda,21.8
2011,Percent,Population of rural areas,,Kyzylorda,27.9
2012,Percent,Population of rural areas,,Kyzylorda,32.7
2013,Percent,Population of rural areas,,Kyzylorda,31.4
2014,Percent,Population of rural areas,,Kyzylorda,29.3
2015,Percent,Population of rural areas,,Kyzylorda,31.8
2016,Percent,Population of rural areas,,Kyzylorda,37.5
2017,Percent,Population of rural areas,,Kyzylorda,36.5
2018,Percent,Population of rural areas,,Kyzylorda,32.4
2010,Percent,Population of rural areas,,Mangistau,21.9
2011,Percent,Population of rural areas,,Mangistau,29.4
2012,Percent,Population of rural areas,,Mangistau,44.1
2013,Percent,Population of rural areas,,Mangistau,30.5
2014,Percent,Population of rural areas,,Mangistau,37.6
2015,Percent,Population of rural areas,,Mangistau,28.6
2016,Percent,Population of rural areas,,Mangistau,30.9
2017,Percent,Population of rural areas,,Mangistau,27.0
2018,Percent,Population of rural areas,,Mangistau,27.5
2010,Percent,Population of rural areas,,Ontustik Kazakhstan,15.9
2011,Percent,Population of rural areas,,Ontustik Kazakhstan,18.3
2012,Percent,Population of rural areas,,Ontustik Kazakhstan,19.5
2013,Percent,Population of rural areas,,Ontustik Kazakhstan,18.7
2014,Percent,Population of rural areas,,Ontustik Kazakhstan,37.2
2015,Percent,Population of rural areas,,Ontustik Kazakhstan,36.0
2016,Percent,Population of rural areas,,Ontustik Kazakhstan,37.8
2017,Percent,Population of rural areas,,Ontustik Kazakhstan,39.9
2010,Percent,Population of rural areas,,Pavlodar,14.1
2011,Percent,Population of rural areas,,Pavlodar,13.8
2012,Percent,Population of rural areas,,Pavlodar,14.4
2013,Percent,Population of rural areas,,Pavlodar,19.1
2014,Percent,Population of rural areas,,Pavlodar,22.6
2015,Percent,Population of rural areas,,Pavlodar,22.1
2016,Percent,Population of rural areas,,Pavlodar,21.7
2017,Percent,Population of rural areas,,Pavlodar,21.6
2018,Percent,Population of rural areas,,Pavlodar,25.5
2010,Percent,Population of rural areas,,Soltustik Kazakhstan,11.2
2011,Percent,Population of rural areas,,Soltustik Kazakhstan,18.5
2012,Percent,Population of rural areas,,Soltustik Kazakhstan,18.0
2013,Percent,Population of rural areas,,Soltustik Kazakhstan,14.9
2014,Percent,Population of rural areas,,Soltustik Kazakhstan,24.0
2015,Percent,Population of rural areas,,Soltustik Kazakhstan,23.5
2016,Percent,Population of rural areas,,Soltustik Kazakhstan,17.6
2017,Percent,Population of rural areas,,Soltustik Kazakhstan,21.2
2018,Percent,Population of rural areas,,Soltustik Kazakhstan,20.5
2018,Percent,Population of rural areas,,Turkistan,40.4
2010,Percent,Population of rural areas,,Shygys Kazakhstan,15.8
2011,Percent,Population of rural areas,,Shygys Kazakhstan,17.1
2012,Percent,Population of rural areas,,Shygys Kazakhstan,18.6
2013,Percent,Population of rural areas,,Shygys Kazakhstan,17.8
2014,Percent,Population of rural areas,,Shygys Kazakhstan,22.0
2015,Percent,Population of rural areas,,Shygys Kazakhstan,26.0
2016,Percent,Population of rural areas,,Shygys Kazakhstan,29.6
2017,Percent,Population of rural areas,,Shygys Kazakhstan,27.9
2018,Percent,Population of rural areas,,Shygys Kazakhstan,27.7
2010,Percent,Population of rural areas,Male,,14.9
2011,Percent,Population of rural areas,Male,,17.3
2012,Percent,Population of rural areas,Male,,22.7
2013,Percent,Population of rural areas,Male,,19.5
2014,Percent,Population of rural areas,Male,,23.9
2015,Percent,Population of rural areas,Male,,23.3
2016,Percent,Population of rural areas,Male,,24.6
2017,Percent,Population of rural areas,Male,,27.1
2018,Percent,Population of rural areas,Male,,27.2
2010,Percent,Population of rural areas,Male,Akmola,17.3
2011,Percent,Population of rural areas,Male,Akmola,17.3
2012,Percent,Population of rural areas,Male,Akmola,11.1
2013,Percent,Population of rural areas,Male,Akmola,16.7
2014,Percent,Population of rural areas,Male,Akmola,19.0
2015,Percent,Population of rural areas,Male,Akmola,23.6
2016,Percent,Population of rural areas,Male,Akmola,28.8
2017,Percent,Population of rural areas,Male,Akmola,24.5
2018,Percent,Population of rural areas,Male,Akmola,27.5
2010,Percent,Population of rural areas,Male,Aktobe,20.3
2011,Percent,Population of rural areas,Male,Aktobe,20.9
2012,Percent,Population of rural areas,Male,Aktobe,32.6
2013,Percent,Population of rural areas,Male,Aktobe,21.9
2014,Percent,Population of rural areas,Male,Aktobe,18.4
2015,Percent,Population of rural areas,Male,Aktobe,19.1
2016,Percent,Population of rural areas,Male,Aktobe,21.3
2017,Percent,Population of rural areas,Male,Aktobe,26.5
2018,Percent,Population of rural areas,Male,Aktobe,19.8
2010,Percent,Population of rural areas,Male,Almaty,21.9
2011,Percent,Population of rural areas,Male,Almaty,20.8
2012,Percent,Population of rural areas,Male,Almaty,25.7
2013,Percent,Population of rural areas,Male,Almaty,24.8
2014,Percent,Population of rural areas,Male,Almaty,21.9
2015,Percent,Population of rural areas,Male,Almaty,21.6
2016,Percent,Population of rural areas,Male,Almaty,21.5
2017,Percent,Population of rural areas,Male,Almaty,30.0
2018,Percent,Population of rural areas,Male,Almaty,27.6
2010,Percent,Population of rural areas,Male,Atyrau,13.6
2011,Percent,Population of rural areas,Male,Atyrau,16.3
2012,Percent,Population of rural areas,Male,Atyrau,27.3
2013,Percent,Population of rural areas,Male,Atyrau,23.4
2014,Percent,Population of rural areas,Male,Atyrau,21.4
2015,Percent,Population of rural areas,Male,Atyrau,19.4
2016,Percent,Population of rural areas,Male,Atyrau,25.4
2017,Percent,Population of rural areas,Male,Atyrau,19.5
2018,Percent,Population of rural areas,Male,Atyrau,37.6
2010,Percent,Population of rural areas,Male,Batys Kazakhstan,17.0
2011,Percent,Population of rural areas,Male,Batys Kazakhstan,15.8
2012,Percent,Population of rural areas,Male,Batys Kazakhstan,18.4
2013,Percent,Population of rural areas,Male,Batys Kazakhstan,20.4
2014,Percent,Population of rural areas,Male,Batys Kazakhstan,21.7
2015,Percent,Population of rural areas,Male,Batys Kazakhstan,20.4
2016,Percent,Population of rural areas,Male,Batys Kazakhstan,18.1
2017,Percent,Population of rural areas,Male,Batys Kazakhstan,19.0
2018,Percent,Population of rural areas,Male,Batys Kazakhstan,21.3
2010,Percent,Population of rural areas,Male,Zhambyl,11.3
2011,Percent,Population of rural areas,Male,Zhambyl,14.0
2012,Percent,Population of rural areas,Male,Zhambyl,21.9
2013,Percent,Population of rural areas,Male,Zhambyl,19.8
2014,Percent,Population of rural areas,Male,Zhambyl,20.7
2015,Percent,Population of rural areas,Male,Zhambyl,21.7
2016,Percent,Population of rural areas,Male,Zhambyl,20.0
2017,Percent,Population of rural areas,Male,Zhambyl,23.4
2018,Percent,Population of rural areas,Male,Zhambyl,27.7
2010,Percent,Population of rural areas,Male,Karagandy,13.2
2011,Percent,Population of rural areas,Male,Karagandy,23.3
2012,Percent,Population of rural areas,Male,Karagandy,40.2
2013,Percent,Population of rural areas,Male,Karagandy,27.6
2014,Percent,Population of rural areas,Male,Karagandy,17.5
2015,Percent,Population of rural areas,Male,Karagandy,22.4
2016,Percent,Population of rural areas,Male,Karagandy,23.3
2017,Percent,Population of rural areas,Male,Karagandy,26.7
2018,Percent,Population of rural areas,Male,Karagandy,21.6
2010,Percent,Population of rural areas,Male,Kostanay,10.4
2011,Percent,Population of rural areas,Male,Kostanay,13.8
2012,Percent,Population of rural areas,Male,Kostanay,23.5
2013,Percent,Population of rural areas,Male,Kostanay,11.6
2014,Percent,Population of rural areas,Male,Kostanay,22.1
2015,Percent,Population of rural areas,Male,Kostanay,20.9
2016,Percent,Population of rural areas,Male,Kostanay,21.5
2017,Percent,Population of rural areas,Male,Kostanay,23.6
2018,Percent,Population of rural areas,Male,Kostanay,19.7
2010,Percent,Population of rural areas,Male,Kyzylorda,18.8
2011,Percent,Population of rural areas,Male,Kyzylorda,24.3
2012,Percent,Population of rural areas,Male,Kyzylorda,26.9
2013,Percent,Population of rural areas,Male,Kyzylorda,18.9
2014,Percent,Population of rural areas,Male,Kyzylorda,25.5
2015,Percent,Population of rural areas,Male,Kyzylorda,27.3
2016,Percent,Population of rural areas,Male,Kyzylorda,34.3
2017,Percent,Population of rural areas,Male,Kyzylorda,34.5
2018,Percent,Population of rural areas,Male,Kyzylorda,28.6
2010,Percent,Population of rural areas,Male,Mangistau,18.1
2011,Percent,Population of rural areas,Male,Mangistau,28.0
2012,Percent,Population of rural areas,Male,Mangistau,42.7
2013,Percent,Population of rural areas,Male,Mangistau,32.9
2014,Percent,Population of rural areas,Male,Mangistau,29.6
2015,Percent,Population of rural areas,Male,Mangistau,23.5
2016,Percent,Population of rural areas,Male,Mangistau,27.0
2017,Percent,Population of rural areas,Male,Mangistau,25.0
2018,Percent,Population of rural areas,Male,Mangistau,25.2
2010,Percent,Population of rural areas,Male,Ontustik Kazakhstan,13.2
2011,Percent,Population of rural areas,Male,Ontustik Kazakhstan,14.6
2012,Percent,Population of rural areas,Male,Ontustik Kazakhstan,18.2
2013,Percent,Population of rural areas,Male,Ontustik Kazakhstan,16.5
2014,Percent,Population of rural areas,Male,Ontustik Kazakhstan,32.4
2015,Percent,Population of rural areas,Male,Ontustik Kazakhstan,30.3
2016,Percent,Population of rural areas,Male,Ontustik Kazakhstan,30.4
2017,Percent,Population of rural areas,Male,Ontustik Kazakhstan,33.9
2010,Percent,Population of rural areas,Male,Pavlodar,8.0
2011,Percent,Population of rural areas,Male,Pavlodar,12.7
2012,Percent,Population of rural areas,Male,Pavlodar,11.2
2013,Percent,Population of rural areas,Male,Pavlodar,14.8
2014,Percent,Population of rural areas,Male,Pavlodar,17.7
2015,Percent,Population of rural areas,Male,Pavlodar,14.5
2016,Percent,Population of rural areas,Male,Pavlodar,20.5
2017,Percent,Population of rural areas,Male,Pavlodar,19.6
2018,Percent,Population of rural areas,Male,Pavlodar,16.7
2010,Percent,Population of rural areas,Male,Soltustik Kazakhstan,8.3
2011,Percent,Population of rural areas,Male,Soltustik Kazakhstan,14.5
2012,Percent,Population of rural areas,Male,Soltustik Kazakhstan,15.2
2013,Percent,Population of rural areas,Male,Soltustik Kazakhstan,13.3
2014,Percent,Population of rural areas,Male,Soltustik Kazakhstan,21.6
2015,Percent,Population of rural areas,Male,Soltustik Kazakhstan,17.8
2016,Percent,Population of rural areas,Male,Soltustik Kazakhstan,13.0
2017,Percent,Population of rural areas,Male,Soltustik Kazakhstan,18.4
2018,Percent,Population of rural areas,Male,Soltustik Kazakhstan,16.2
2018,Percent,Population of rural areas,Male,Turkistan,33.4
2010,Percent,Population of rural areas,Male,Shygys Kazakhstan,11.4
2011,Percent,Population of rural areas,Male,Shygys Kazakhstan,13.9
2012,Percent,Population of rural areas,Male,Shygys Kazakhstan,17.1
2013,Percent,Population of rural areas,Male,Shygys Kazakhstan,12.3
2014,Percent,Population of rural areas,Male,Shygys Kazakhstan,18.5
2015,Percent,Population of rural areas,Male,Shygys Kazakhstan,18.9
2016,Percent,Population of rural areas,Male,Shygys Kazakhstan,25.8
2017,Percent,Population of rural areas,Male,Shygys Kazakhstan,22.2
2018,Percent,Population of rural areas,Male,Shygys Kazakhstan,25.9
2010,Percent,Population of rural areas,Female,,24.1
2011,Percent,Population of rural areas,Female,,26.3
2012,Percent,Population of rural areas,Female,,27.0
2013,Percent,Population of rural areas,Female,,26.4
2014,Percent,Population of rural areas,Female,,34.1
2015,Percent,Population of rural areas,Female,,36.0
2016,Percent,Population of rural areas,Female,,36.9
2017,Percent,Population of rural areas,Female,,38.0
2018,Percent,Population of rural areas,Female,,39.1
2010,Percent,Population of rural areas,Female,Akmola,19.2
2011,Percent,Population of rural areas,Female,Akmola,18.4
2012,Percent,Population of rural areas,Female,Akmola,32.4
2013,Percent,Population of rural areas,Female,Akmola,32.5
2014,Percent,Population of rural areas,Female,Akmola,30.4
2015,Percent,Population of rural areas,Female,Akmola,29.4
2016,Percent,Population of rural areas,Female,Akmola,37.1
2017,Percent,Population of rural areas,Female,Akmola,36.6
2018,Percent,Population of rural areas,Female,Akmola,39.9
2010,Percent,Population of rural areas,Female,Aktobe,34.9
2011,Percent,Population of rural areas,Female,Aktobe,27.8
2012,Percent,Population of rural areas,Female,Aktobe,20.5
2013,Percent,Population of rural areas,Female,Aktobe,28.0
2014,Percent,Population of rural areas,Female,Aktobe,38.8
2015,Percent,Population of rural areas,Female,Aktobe,41.0
2016,Percent,Population of rural areas,Female,Aktobe,39.3
2017,Percent,Population of rural areas,Female,Aktobe,40.5
2018,Percent,Population of rural areas,Female,Aktobe,45.8
2010,Percent,Population of rural areas,Female,Almaty,35.1
2011,Percent,Population of rural areas,Female,Almaty,34.2
2012,Percent,Population of rural areas,Female,Almaty,27.1
2013,Percent,Population of rural areas,Female,Almaty,22.5
2014,Percent,Population of rural areas,Female,Almaty,29.8
2015,Percent,Population of rural areas,Female,Almaty,32.0
2016,Percent,Population of rural areas,Female,Almaty,31.4
2017,Percent,Population of rural areas,Female,Almaty,36.3
2018,Percent,Population of rural areas,Female,Almaty,38.0
2010,Percent,Population of rural areas,Female,Atyrau,23.5
2011,Percent,Population of rural areas,Female,Atyrau,28.3
2012,Percent,Population of rural areas,Female,Atyrau,43.9
2013,Percent,Population of rural areas,Female,Atyrau,41.6
2014,Percent,Population of rural areas,Female,Atyrau,41.4
2015,Percent,Population of rural areas,Female,Atyrau,44.8
2016,Percent,Population of rural areas,Female,Atyrau,56.0
2017,Percent,Population of rural areas,Female,Atyrau,53.4
2018,Percent,Population of rural areas,Female,Atyrau,58.3
2010,Percent,Population of rural areas,Female,Batys Kazakhstan,26.5
2011,Percent,Population of rural areas,Female,Batys Kazakhstan,27.2
2012,Percent,Population of rural areas,Female,Batys Kazakhstan,23.2
2013,Percent,Population of rural areas,Female,Batys Kazakhstan,34.0
2014,Percent,Population of rural areas,Female,Batys Kazakhstan,31.4
2015,Percent,Population of rural areas,Female,Batys Kazakhstan,32.5
2016,Percent,Population of rural areas,Female,Batys Kazakhstan,33.3
2017,Percent,Population of rural areas,Female,Batys Kazakhstan,26.5
2018,Percent,Population of rural areas,Female,Batys Kazakhstan,30.2
2010,Percent,Population of rural areas,Female,Zhambyl,16.7
2011,Percent,Population of rural areas,Female,Zhambyl,24.3
2012,Percent,Population of rural areas,Female,Zhambyl,21.5
2013,Percent,Population of rural areas,Female,Zhambyl,15.6
2014,Percent,Population of rural areas,Female,Zhambyl,27.8
2015,Percent,Population of rural areas,Female,Zhambyl,29.9
2016,Percent,Population of rural areas,Female,Zhambyl,25.9
2017,Percent,Population of rural areas,Female,Zhambyl,35.5
2018,Percent,Population of rural areas,Female,Zhambyl,37.7
2010,Percent,Population of rural areas,Female,Karagandy,31.3
2011,Percent,Population of rural areas,Female,Karagandy,30.2
2012,Percent,Population of rural areas,Female,Karagandy,50.2
2013,Percent,Population of rural areas,Female,Karagandy,42.7
2014,Percent,Population of rural areas,Female,Karagandy,31.8
2015,Percent,Population of rural areas,Female,Karagandy,38.4
2016,Percent,Population of rural areas,Female,Karagandy,37.8
2017,Percent,Population of rural areas,Female,Karagandy,36.6
2018,Percent,Population of rural areas,Female,Karagandy,34.7
2010,Percent,Population of rural areas,Female,Kostanay,27.3
2011,Percent,Population of rural areas,Female,Kostanay,26.6
2012,Percent,Population of rural areas,Female,Kostanay,28.8
2013,Percent,Population of rural areas,Female,Kostanay,30.5
2014,Percent,Population of rural areas,Female,Kostanay,29.8
2015,Percent,Population of rural areas,Female,Kostanay,35.1
2016,Percent,Population of rural areas,Female,Kostanay,30.3
2017,Percent,Population of rural areas,Female,Kostanay,33.3
2018,Percent,Population of rural areas,Female,Kostanay,32.4
2010,Percent,Population of rural areas,Female,Kyzylorda,25.4
2011,Percent,Population of rural areas,Female,Kyzylorda,32.6
2012,Percent,Population of rural areas,Female,Kyzylorda,41.5
2013,Percent,Population of rural areas,Female,Kyzylorda,46.0
2014,Percent,Population of rural areas,Female,Kyzylorda,34.8
2015,Percent,Population of rural areas,Female,Kyzylorda,38.3
2016,Percent,Population of rural areas,Female,Kyzylorda,42.1
2017,Percent,Population of rural areas,Female,Kyzylorda,39.4
2018,Percent,Population of rural areas,Female,Kyzylorda,37.5
2010,Percent,Population of rural areas,Female,Mangistau,26.9
2011,Percent,Population of rural areas,Female,Mangistau,31.2
2012,Percent,Population of rural areas,Female,Mangistau,46.1
2013,Percent,Population of rural areas,Female,Mangistau,27.1
2014,Percent,Population of rural areas,Female,Mangistau,51.5
2015,Percent,Population of rural areas,Female,Mangistau,35.6
2016,Percent,Population of rural areas,Female,Mangistau,37.4
2017,Percent,Population of rural areas,Female,Mangistau,29.9
2018,Percent,Population of rural areas,Female,Mangistau,30.6
2010,Percent,Population of rural areas,Female,Ontustik Kazakhstan,19.1
2011,Percent,Population of rural areas,Female,Ontustik Kazakhstan,23.0
2012,Percent,Population of rural areas,Female,Ontustik Kazakhstan,20.9
2013,Percent,Population of rural areas,Female,Ontustik Kazakhstan,21.7
2014,Percent,Population of rural areas,Female,Ontustik Kazakhstan,42.8
2015,Percent,Population of rural areas,Female,Ontustik Kazakhstan,43.8
2016,Percent,Population of rural areas,Female,Ontustik Kazakhstan,48.3
2017,Percent,Population of rural areas,Female,Ontustik Kazakhstan,48.7
2010,Percent,Population of rural areas,Female,Pavlodar,20.6
2011,Percent,Population of rural areas,Female,Pavlodar,14.9
2012,Percent,Population of rural areas,Female,Pavlodar,19.4
2013,Percent,Population of rural areas,Female,Pavlodar,27.2
2014,Percent,Population of rural areas,Female,Pavlodar,28.0
2015,Percent,Population of rural areas,Female,Pavlodar,30.3
2016,Percent,Population of rural areas,Female,Pavlodar,23.2
2017,Percent,Population of rural areas,Female,Pavlodar,24.2
2018,Percent,Population of rural areas,Female,Pavlodar,35.0
2010,Percent,Population of rural areas,Female,Soltustik Kazakhstan,14.4
2011,Percent,Population of rural areas,Female,Soltustik Kazakhstan,22.8
2012,Percent,Population of rural areas,Female,Soltustik Kazakhstan,21.6
2013,Percent,Population of rural areas,Female,Soltustik Kazakhstan,17.4
2014,Percent,Population of rural areas,Female,Soltustik Kazakhstan,27.1
2015,Percent,Population of rural areas,Female,Soltustik Kazakhstan,30.9
2016,Percent,Population of rural areas,Female,Soltustik Kazakhstan,24.0
2017,Percent,Population of rural areas,Female,Soltustik Kazakhstan,25.0
2018,Percent,Population of rural areas,Female,Soltustik Kazakhstan,26.2
2018,Percent,Population of rural areas,Female,Turkistan,49.2
2010,Percent,Population of rural areas,Female,Shygys Kazakhstan,22.2
2011,Percent,Population of rural areas,Female,Shygys Kazakhstan,21.9
2012,Percent,Population of rural areas,Female,Shygys Kazakhstan,20.5
2013,Percent,Population of rural areas,Female,Shygys Kazakhstan,24.7
2014,Percent,Population of rural areas,Female,Shygys Kazakhstan,26.9
2015,Percent,Population of rural areas,Female,Shygys Kazakhstan,36.9
2016,Percent,Population of rural areas,Female,Shygys Kazakhstan,35.1
2017,Percent,Population of rural areas,Female,Shygys Kazakhstan,35.9
2018,Percent,Population of rural areas,Female,Shygys Kazakhstan,29.9
