Year,UNIT_MEASURE,SERIES,REF_AREA,Value
2012,TH_UNITS,,,1571.7
2012,TH_UNITS,от 256 кБит/сек до менее 2 Мбит/сек,,470.2
2012,TH_UNITS,от 256 кБит/сек до менее 2 Мбит/сек,KZAKM,19.5
2012,TH_UNITS,от 256 кБит/сек до менее 2 Мбит/сек,KZAKT,14.8
2012,TH_UNITS,от 256 кБит/сек до менее 2 Мбит/сек,KZALM,70.1
2012,TH_UNITS,от 256 кБит/сек до менее 2 Мбит/сек,KZATY,9.3
2012,TH_UNITS,от 256 кБит/сек до менее 2 Мбит/сек,KZZAP,11.6
2012,TH_UNITS,от 256 кБит/сек до менее 2 Мбит/сек,KZZHA,14.0
2012,TH_UNITS,от 256 кБит/сек до менее 2 Мбит/сек,KZKAR,96.1
2012,TH_UNITS,от 256 кБит/сек до менее 2 Мбит/сек,KZKUS,17.0
2012,TH_UNITS,от 256 кБит/сек до менее 2 Мбит/сек,KZKZY,13.5
2012,TH_UNITS,от 256 кБит/сек до менее 2 Мбит/сек,KZMAN,17.9
2012,TH_UNITS,от 256 кБит/сек до менее 2 Мбит/сек,KZONT,31.8
2012,TH_UNITS,от 256 кБит/сек до менее 2 Мбит/сек,KZPAV,26.8
2012,TH_UNITS,от 256 кБит/сек до менее 2 Мбит/сек,KZSEV,26.6
2012,TH_UNITS,от 256 кБит/сек до менее 2 Мбит/сек,KZVOS,16.9
2012,TH_UNITS,от 256 кБит/сек до менее 2 Мбит/сек,KZNS,21.7
2012,TH_UNITS,от 256 кБит/сек до менее 2 Мбит/сек,KZALA,62.7
2012,TH_UNITS,от 2 Мбит/сек до менее 10 Мбит/сек,,720.8
2012,TH_UNITS,от 2 Мбит/сек до менее 10 Мбит/сек,KZAKM,34.9
2012,TH_UNITS,от 2 Мбит/сек до менее 10 Мбит/сек,KZAKT,38.5
2012,TH_UNITS,от 2 Мбит/сек до менее 10 Мбит/сек,KZALM,4.5
2012,TH_UNITS,от 2 Мбит/сек до менее 10 Мбит/сек,KZATY,40.3
2012,TH_UNITS,от 2 Мбит/сек до менее 10 Мбит/сек,KZZAP,26.4
2012,TH_UNITS,от 2 Мбит/сек до менее 10 Мбит/сек,KZZHA,24.3
2012,TH_UNITS,от 2 Мбит/сек до менее 10 Мбит/сек,KZKAR,26.7
2012,TH_UNITS,от 2 Мбит/сек до менее 10 Мбит/сек,KZKUS,51.3
2012,TH_UNITS,от 2 Мбит/сек до менее 10 Мбит/сек,KZKZY,15.6
2012,TH_UNITS,от 2 Мбит/сек до менее 10 Мбит/сек,KZMAN,18.1
2012,TH_UNITS,от 2 Мбит/сек до менее 10 Мбит/сек,KZONT,24.9
2012,TH_UNITS,от 2 Мбит/сек до менее 10 Мбит/сек,KZPAV,45.1
2012,TH_UNITS,от 2 Мбит/сек до менее 10 Мбит/сек,KZSEV,27.4
2012,TH_UNITS,от 2 Мбит/сек до менее 10 Мбит/сек,KZVOS,71.8
2012,TH_UNITS,от 2 Мбит/сек до менее 10 Мбит/сек,KZNS,75.2
2012,TH_UNITS,от 2 Мбит/сек до менее 10 Мбит/сек,KZALA,195.9
2012,TH_UNITS,выше 10 Мбит/сек,KZAKM,6.3
2012,TH_UNITS,выше 10 Мбит/сек,KZAKT,2.1
2012,TH_UNITS,выше 10 Мбит/сек,KZALM,5.6
2012,TH_UNITS,выше 10 Мбит/сек,KZATY,6.9
2012,TH_UNITS,выше 10 Мбит/сек,KZZAP,2.0
2012,TH_UNITS,выше 10 Мбит/сек,KZZHA,1.4
2012,TH_UNITS,выше 10 Мбит/сек,KZKAR,16.4
2012,TH_UNITS,выше 10 Мбит/сек,KZKUS,10.9
2012,TH_UNITS,выше 10 Мбит/сек,KZKZY,2.4
2012,TH_UNITS,выше 10 Мбит/сек,KZMAN,2.5
2012,TH_UNITS,выше 10 Мбит/сек,KZONT,4.8
2012,TH_UNITS,выше 10 Мбит/сек,KZPAV,9.6
2012,TH_UNITS,выше 10 Мбит/сек,KZSEV,1.3
2012,TH_UNITS,выше 10 Мбит/сек,KZVOS,8.0
2012,TH_UNITS,выше 10 Мбит/сек,KZNS,11.8
2012,TH_UNITS,выше 10 Мбит/сек,KZALA,243.6
2013,TH_UNITS,,,1958.8
2013,TH_UNITS,от 256 кБит/сек до менее 2 Мбит/сек,,294.0
2013,TH_UNITS,от 256 кБит/сек до менее 2 Мбит/сек,KZAKM,20.9
2013,TH_UNITS,от 256 кБит/сек до менее 2 Мбит/сек,KZAKT,15.8
2013,TH_UNITS,от 256 кБит/сек до менее 2 Мбит/сек,KZALM,11.2
2013,TH_UNITS,от 256 кБит/сек до менее 2 Мбит/сек,KZATY,10.2
2013,TH_UNITS,от 256 кБит/сек до менее 2 Мбит/сек,KZZAP,10.1
2013,TH_UNITS,от 256 кБит/сек до менее 2 Мбит/сек,KZZHA,13.1
2013,TH_UNITS,от 256 кБит/сек до менее 2 Мбит/сек,KZKAR,23.2
2013,TH_UNITS,от 256 кБит/сек до менее 2 Мбит/сек,KZKUS,15.8
2013,TH_UNITS,от 256 кБит/сек до менее 2 Мбит/сек,KZKZY,13.9
2013,TH_UNITS,от 256 кБит/сек до менее 2 Мбит/сек,KZMAN,8.1
2013,TH_UNITS,от 256 кБит/сек до менее 2 Мбит/сек,KZONT,0.9
2013,TH_UNITS,от 256 кБит/сек до менее 2 Мбит/сек,KZPAV,23.7
2013,TH_UNITS,от 256 кБит/сек до менее 2 Мбит/сек,KZSEV,24.5
2013,TH_UNITS,от 256 кБит/сек до менее 2 Мбит/сек,KZVOS,22.4
2013,TH_UNITS,от 256 кБит/сек до менее 2 Мбит/сек,KZNS,18.0
2013,TH_UNITS,от 256 кБит/сек до менее 2 Мбит/сек,KZALA,62.3
2013,TH_UNITS,от 2 Мбит/сек до менее 10 Мбит/сек,,906.6
2013,TH_UNITS,от 2 Мбит/сек до менее 10 Мбит/сек,KZAKM,41.4
2013,TH_UNITS,от 2 Мбит/сек до менее 10 Мбит/сек,KZAKT,40.5
2013,TH_UNITS,от 2 Мбит/сек до менее 10 Мбит/сек,KZALM,83.1
2013,TH_UNITS,от 2 Мбит/сек до менее 10 Мбит/сек,KZATY,45.9
2013,TH_UNITS,от 2 Мбит/сек до менее 10 Мбит/сек,KZZAP,25.8
2013,TH_UNITS,от 2 Мбит/сек до менее 10 Мбит/сек,KZZHA,31.0
2013,TH_UNITS,от 2 Мбит/сек до менее 10 Мбит/сек,KZKAR,101.5
2013,TH_UNITS,от 2 Мбит/сек до менее 10 Мбит/сек,KZKUS,79.3
2013,TH_UNITS,от 2 Мбит/сек до менее 10 Мбит/сек,KZKZY,21.7
2013,TH_UNITS,от 2 Мбит/сек до менее 10 Мбит/сек,KZMAN,29.9
2013,TH_UNITS,от 2 Мбит/сек до менее 10 Мбит/сек,KZONT,1.0
2013,TH_UNITS,от 2 Мбит/сек до менее 10 Мбит/сек,KZPAV,50.0
2013,TH_UNITS,от 2 Мбит/сек до менее 10 Мбит/сек,KZSEV,33.8
2013,TH_UNITS,от 2 Мбит/сек до менее 10 Мбит/сек,KZVOS,66.4
2013,TH_UNITS,от 2 Мбит/сек до менее 10 Мбит/сек,KZNS,79.0
2013,TH_UNITS,от 2 Мбит/сек до менее 10 Мбит/сек,KZALA,176.2
2013,TH_UNITS,выше 10 Мбит/сек,KZAKM,11.6
2013,TH_UNITS,выше 10 Мбит/сек,KZAKT,9.5
2013,TH_UNITS,выше 10 Мбит/сек,KZALM,12.1
2013,TH_UNITS,выше 10 Мбит/сек,KZATY,11.4
2013,TH_UNITS,выше 10 Мбит/сек,KZZAP,7.4
2013,TH_UNITS,выше 10 Мбит/сек,KZZHA,9.9
2013,TH_UNITS,выше 10 Мбит/сек,KZKAR,36.3
2013,TH_UNITS,выше 10 Мбит/сек,KZKUS,5.6
2013,TH_UNITS,выше 10 Мбит/сек,KZKZY,5.1
2013,TH_UNITS,выше 10 Мбит/сек,KZMAN,11.1
2013,TH_UNITS,выше 10 Мбит/сек,KZONT,79.7
2013,TH_UNITS,выше 10 Мбит/сек,KZPAV,17.7
2013,TH_UNITS,выше 10 Мбит/сек,KZSEV,5.4
2013,TH_UNITS,выше 10 Мбит/сек,KZVOS,17.0
2013,TH_UNITS,выше 10 Мбит/сек,KZNS,27.1
2013,TH_UNITS,выше 10 Мбит/сек,KZALA,396.5
2014,TH_UNITS,,,2093.2
2014,TH_UNITS,от 256 кБит/сек до менее 2 Мбит/сек,,264.2
2014,TH_UNITS,от 256 кБит/сек до менее 2 Мбит/сек,KZAKM,16.4
2014,TH_UNITS,от 256 кБит/сек до менее 2 Мбит/сек,KZAKT,9.8
2014,TH_UNITS,от 256 кБит/сек до менее 2 Мбит/сек,KZALM,12.4
2014,TH_UNITS,от 256 кБит/сек до менее 2 Мбит/сек,KZATY,7.1
2014,TH_UNITS,от 256 кБит/сек до менее 2 Мбит/сек,KZZAP,10.2
2014,TH_UNITS,от 256 кБит/сек до менее 2 Мбит/сек,KZZHA,12.9
2014,TH_UNITS,от 256 кБит/сек до менее 2 Мбит/сек,KZKAR,15.6
2014,TH_UNITS,от 256 кБит/сек до менее 2 Мбит/сек,KZKUS,15.6
2014,TH_UNITS,от 256 кБит/сек до менее 2 Мбит/сек,KZKZY,11.7
2014,TH_UNITS,от 256 кБит/сек до менее 2 Мбит/сек,KZMAN,5.3
2014,TH_UNITS,от 256 кБит/сек до менее 2 Мбит/сек,KZONT,13.2
2014,TH_UNITS,от 256 кБит/сек до менее 2 Мбит/сек,KZPAV,15.6
2014,TH_UNITS,от 256 кБит/сек до менее 2 Мбит/сек,KZSEV,22.4
2014,TH_UNITS,от 256 кБит/сек до менее 2 Мбит/сек,KZVOS,12.8
2014,TH_UNITS,от 256 кБит/сек до менее 2 Мбит/сек,KZNS,40.5
2014,TH_UNITS,от 256 кБит/сек до менее 2 Мбит/сек,KZALA,42.6
2014,TH_UNITS,от 2 Мбит/сек до менее 10 Мбит/сек,,881.4
2014,TH_UNITS,от 2 Мбит/сек до менее 10 Мбит/сек,KZAKM,52.3
2014,TH_UNITS,от 2 Мбит/сек до менее 10 Мбит/сек,KZAKT,45.8
2014,TH_UNITS,от 2 Мбит/сек до менее 10 Мбит/сек,KZALM,76.9
2014,TH_UNITS,от 2 Мбит/сек до менее 10 Мбит/сек,KZATY,44.7
2014,TH_UNITS,от 2 Мбит/сек до менее 10 Мбит/сек,KZZAP,21.5
2014,TH_UNITS,от 2 Мбит/сек до менее 10 Мбит/сек,KZZHA,30.1
2014,TH_UNITS,от 2 Мбит/сек до менее 10 Мбит/сек,KZKAR,86.9
2014,TH_UNITS,от 2 Мбит/сек до менее 10 Мбит/сек,KZKUS,64.5
2014,TH_UNITS,от 2 Мбит/сек до менее 10 Мбит/сек,KZKZY,20.9
2014,TH_UNITS,от 2 Мбит/сек до менее 10 Мбит/сек,KZMAN,26.8
2014,TH_UNITS,от 2 Мбит/сек до менее 10 Мбит/сек,KZONT,47.9
2014,TH_UNITS,от 2 Мбит/сек до менее 10 Мбит/сек,KZPAV,49.8
2014,TH_UNITS,от 2 Мбит/сек до менее 10 Мбит/сек,KZSEV,37.5
2014,TH_UNITS,от 2 Мбит/сек до менее 10 Мбит/сек,KZVOS,65.2
2014,TH_UNITS,от 2 Мбит/сек до менее 10 Мбит/сек,KZNS,44.6
2014,TH_UNITS,от 2 Мбит/сек до менее 10 Мбит/сек,KZALA,165.8
2014,TH_UNITS,выше 10 Мбит/сек,KZAKM,16.8
2014,TH_UNITS,выше 10 Мбит/сек,KZAKT,16.7
2014,TH_UNITS,выше 10 Мбит/сек,KZALM,22.5
2014,TH_UNITS,выше 10 Мбит/сек,KZATY,18.3
2014,TH_UNITS,выше 10 Мбит/сек,KZZAP,12.2
2014,TH_UNITS,выше 10 Мбит/сек,KZZHA,12.4
2014,TH_UNITS,выше 10 Мбит/сек,KZKAR,55.4
2014,TH_UNITS,выше 10 Мбит/сек,KZKUS,24.1
2014,TH_UNITS,выше 10 Мбит/сек,KZKZY,9.4
2014,TH_UNITS,выше 10 Мбит/сек,KZMAN,21.0
2014,TH_UNITS,выше 10 Мбит/сек,KZONT,17.6
2014,TH_UNITS,выше 10 Мбит/сек,KZPAV,29.3
2014,TH_UNITS,выше 10 Мбит/сек,KZSEV,9.6
2014,TH_UNITS,выше 10 Мбит/сек,KZVOS,37.6
2014,TH_UNITS,выше 10 Мбит/сек,KZNS,44.6
2014,TH_UNITS,выше 10 Мбит/сек,KZALA,509.5
2015,TH_UNITS,,,2301.0
2015,TH_UNITS,от 256 кБит/сек до менее 2 Мбит/сек,,271.6
2015,TH_UNITS,от 256 кБит/сек до менее 2 Мбит/сек,KZAKM,14.0
2015,TH_UNITS,от 256 кБит/сек до менее 2 Мбит/сек,KZAKT,11.5
2015,TH_UNITS,от 256 кБит/сек до менее 2 Мбит/сек,KZALM,9.6
2015,TH_UNITS,от 256 кБит/сек до менее 2 Мбит/сек,KZATY,7.0
2015,TH_UNITS,от 256 кБит/сек до менее 2 Мбит/сек,KZZAP,8.2
2015,TH_UNITS,от 256 кБит/сек до менее 2 Мбит/сек,KZZHA,10.6
2015,TH_UNITS,от 256 кБит/сек до менее 2 Мбит/сек,KZKAR,15.6
2015,TH_UNITS,от 256 кБит/сек до менее 2 Мбит/сек,KZKUS,20.0
2015,TH_UNITS,от 256 кБит/сек до менее 2 Мбит/сек,KZKZY,9.6
2015,TH_UNITS,от 256 кБит/сек до менее 2 Мбит/сек,KZMAN,3.3
2015,TH_UNITS,от 256 кБит/сек до менее 2 Мбит/сек,KZONT,13.7
2015,TH_UNITS,от 256 кБит/сек до менее 2 Мбит/сек,KZPAV,11.6
2015,TH_UNITS,от 256 кБит/сек до менее 2 Мбит/сек,KZSEV,17.9
2015,TH_UNITS,от 256 кБит/сек до менее 2 Мбит/сек,KZVOS,9.2
2015,TH_UNITS,от 256 кБит/сек до менее 2 Мбит/сек,KZNS,53.2
2015,TH_UNITS,от 256 кБит/сек до менее 2 Мбит/сек,KZALA,56.8
2015,TH_UNITS,от 2 Мбит/сек до менее 10 Мбит/сек,,767.1
2015,TH_UNITS,от 2 Мбит/сек до менее 10 Мбит/сек,KZAKM,54.6
2015,TH_UNITS,от 2 Мбит/сек до менее 10 Мбит/сек,KZAKT,40.4
2015,TH_UNITS,от 2 Мбит/сек до менее 10 Мбит/сек,KZALM,79.6
2015,TH_UNITS,от 2 Мбит/сек до менее 10 Мбит/сек,KZATY,42.5
2015,TH_UNITS,от 2 Мбит/сек до менее 10 Мбит/сек,KZZAP,18.9
2015,TH_UNITS,от 2 Мбит/сек до менее 10 Мбит/сек,KZZHA,26.9
2015,TH_UNITS,от 2 Мбит/сек до менее 10 Мбит/сек,KZKAR,71.5
2015,TH_UNITS,от 2 Мбит/сек до менее 10 Мбит/сек,KZKUS,45.7
2015,TH_UNITS,от 2 Мбит/сек до менее 10 Мбит/сек,KZKZY,19.3
2015,TH_UNITS,от 2 Мбит/сек до менее 10 Мбит/сек,KZMAN,27.5
2015,TH_UNITS,от 2 Мбит/сек до менее 10 Мбит/сек,KZONT,42.8
2015,TH_UNITS,от 2 Мбит/сек до менее 10 Мбит/сек,KZPAV,44.2
2015,TH_UNITS,от 2 Мбит/сек до менее 10 Мбит/сек,KZSEV,37.9
2015,TH_UNITS,от 2 Мбит/сек до менее 10 Мбит/сек,KZVOS,58.9
2015,TH_UNITS,от 2 Мбит/сек до менее 10 Мбит/сек,KZNS,44.3
2015,TH_UNITS,от 2 Мбит/сек до менее 10 Мбит/сек,KZALA,112.2
2015,TH_UNITS,выше 10 Мбит/сек,KZAKM,22.3
2015,TH_UNITS,выше 10 Мбит/сек,KZAKT,20.5
2015,TH_UNITS,выше 10 Мбит/сек,KZALM,26.6
2015,TH_UNITS,выше 10 Мбит/сек,KZATY,18.8
2015,TH_UNITS,выше 10 Мбит/сек,KZZAP,14.8
2015,TH_UNITS,выше 10 Мбит/сек,KZZHA,12.0
2015,TH_UNITS,выше 10 Мбит/сек,KZKAR,64.7
2015,TH_UNITS,выше 10 Мбит/сек,KZKUS,37.2
2015,TH_UNITS,выше 10 Мбит/сек,KZKZY,11.2
2015,TH_UNITS,выше 10 Мбит/сек,KZMAN,23.9
2015,TH_UNITS,выше 10 Мбит/сек,KZONT,21.1
2015,TH_UNITS,выше 10 Мбит/сек,KZPAV,39.4
2015,TH_UNITS,выше 10 Мбит/сек,KZSEV,18.8
2015,TH_UNITS,выше 10 Мбит/сек,KZVOS,52.2
2015,TH_UNITS,выше 10 Мбит/сек,KZNS,46.2
2015,TH_UNITS,выше 10 Мбит/сек,KZALA,580.9
2016,TH_UNITS,,,2349.9
2016,TH_UNITS,от 256 кБит/сек до менее 2 Мбит/сек,,197.4
2016,TH_UNITS,от 256 кБит/сек до менее 2 Мбит/сек,KZAKM,4.0
2016,TH_UNITS,от 256 кБит/сек до менее 2 Мбит/сек,KZAKT,11.1
2016,TH_UNITS,от 256 кБит/сек до менее 2 Мбит/сек,KZALM,8.9
2016,TH_UNITS,от 256 кБит/сек до менее 2 Мбит/сек,KZATY,6.2
2016,TH_UNITS,от 256 кБит/сек до менее 2 Мбит/сек,KZZAP,4.3
2016,TH_UNITS,от 256 кБит/сек до менее 2 Мбит/сек,KZZHA,3.6
2016,TH_UNITS,от 256 кБит/сек до менее 2 Мбит/сек,KZKAR,8.2
2016,TH_UNITS,от 256 кБит/сек до менее 2 Мбит/сек,KZKUS,19.8
2016,TH_UNITS,от 256 кБит/сек до менее 2 Мбит/сек,KZKZY,7.8
2016,TH_UNITS,от 256 кБит/сек до менее 2 Мбит/сек,KZMAN,12.0
2016,TH_UNITS,от 256 кБит/сек до менее 2 Мбит/сек,KZONT,7.1
2016,TH_UNITS,от 256 кБит/сек до менее 2 Мбит/сек,KZPAV,5.0
2016,TH_UNITS,от 256 кБит/сек до менее 2 Мбит/сек,KZSEV,17.8
2016,TH_UNITS,от 256 кБит/сек до менее 2 Мбит/сек,KZVOS,28.5
2016,TH_UNITS,от 256 кБит/сек до менее 2 Мбит/сек,KZNS,23.7
2016,TH_UNITS,от 256 кБит/сек до менее 2 Мбит/сек,KZALA,29.5
2016,TH_UNITS,от 2 Мбит/сек до менее 10 Мбит/сек,,837.7
2016,TH_UNITS,от 2 Мбит/сек до менее 10 Мбит/сек,KZAKM,68.5
2016,TH_UNITS,от 2 Мбит/сек до менее 10 Мбит/сек,KZAKT,42.0
2016,TH_UNITS,от 2 Мбит/сек до менее 10 Мбит/сек,KZALM,104.6
2016,TH_UNITS,от 2 Мбит/сек до менее 10 Мбит/сек,KZATY,44.7
2016,TH_UNITS,от 2 Мбит/сек до менее 10 Мбит/сек,KZZAP,22.6
2016,TH_UNITS,от 2 Мбит/сек до менее 10 Мбит/сек,KZZHA,37.1
2016,TH_UNITS,от 2 Мбит/сек до менее 10 Мбит/сек,KZKAR,74.6
2016,TH_UNITS,от 2 Мбит/сек до менее 10 Мбит/сек,KZKUS,46.0
2016,TH_UNITS,от 2 Мбит/сек до менее 10 Мбит/сек,KZKZY,24.8
2016,TH_UNITS,от 2 Мбит/сек до менее 10 Мбит/сек,KZMAN,21.5
2016,TH_UNITS,от 2 Мбит/сек до менее 10 Мбит/сек,KZONT,60.0
2016,TH_UNITS,от 2 Мбит/сек до менее 10 Мбит/сек,KZPAV,44.1
2016,TH_UNITS,от 2 Мбит/сек до менее 10 Мбит/сек,KZSEV,39.7
2016,TH_UNITS,от 2 Мбит/сек до менее 10 Мбит/сек,KZVOS,53.0
2016,TH_UNITS,от 2 Мбит/сек до менее 10 Мбит/сек,KZNS,58.5
2016,TH_UNITS,от 2 Мбит/сек до менее 10 Мбит/сек,KZALA,95.9
2016,TH_UNITS,выше 10 Мбит/сек,KZAKM,24.7
2016,TH_UNITS,выше 10 Мбит/сек,KZAKT,22.4
2016,TH_UNITS,выше 10 Мбит/сек,KZALM,26.2
2016,TH_UNITS,выше 10 Мбит/сек,KZATY,21.1
2016,TH_UNITS,выше 10 Мбит/сек,KZZAP,15.0
2016,TH_UNITS,выше 10 Мбит/сек,KZZHA,13.7
2016,TH_UNITS,выше 10 Мбит/сек,KZKAR,73.0
2016,TH_UNITS,выше 10 Мбит/сек,KZKUS,39.0
2016,TH_UNITS,выше 10 Мбит/сек,KZKZY,11.4
2016,TH_UNITS,выше 10 Мбит/сек,KZMAN,27.2
2016,TH_UNITS,выше 10 Мбит/сек,KZONT,21.6
2016,TH_UNITS,выше 10 Мбит/сек,KZPAV,50.1
2016,TH_UNITS,выше 10 Мбит/сек,KZSEV,23.5
2016,TH_UNITS,выше 10 Мбит/сек,KZVOS,51.6
2016,TH_UNITS,выше 10 Мбит/сек,KZNS,77.6
2016,TH_UNITS,выше 10 Мбит/сек,KZALA,728.9
2017,TH_UNITS,,,2576.0
2017,TH_UNITS,от 256 кБит/сек до менее 2 Мбит/сек,,71.3
2017,TH_UNITS,от 256 кБит/сек до менее 2 Мбит/сек,KZAKM,3.8
2017,TH_UNITS,от 256 кБит/сек до менее 2 Мбит/сек,KZAKT,3.2
2017,TH_UNITS,от 256 кБит/сек до менее 2 Мбит/сек,KZALM,1.2
2017,TH_UNITS,от 256 кБит/сек до менее 2 Мбит/сек,KZATY,4.2
2017,TH_UNITS,от 256 кБит/сек до менее 2 Мбит/сек,KZZAP,1.6
2017,TH_UNITS,от 256 кБит/сек до менее 2 Мбит/сек,KZZHA,0.8
2017,TH_UNITS,от 256 кБит/сек до менее 2 Мбит/сек,KZKAR,1.6
2017,TH_UNITS,от 256 кБит/сек до менее 2 Мбит/сек,KZKUS,5.9
2017,TH_UNITS,от 256 кБит/сек до менее 2 Мбит/сек,KZKZY,3.9
2017,TH_UNITS,от 256 кБит/сек до менее 2 Мбит/сек,KZMAN,5.8
2017,TH_UNITS,от 256 кБит/сек до менее 2 Мбит/сек,KZONT,4.1
2017,TH_UNITS,от 256 кБит/сек до менее 2 Мбит/сек,KZPAV,0.9
2017,TH_UNITS,от 256 кБит/сек до менее 2 Мбит/сек,KZSEV,4.9
2017,TH_UNITS,от 256 кБит/сек до менее 2 Мбит/сек,KZVOS,3.0
2017,TH_UNITS,от 256 кБит/сек до менее 2 Мбит/сек,KZNS,21.7
2017,TH_UNITS,от 256 кБит/сек до менее 2 Мбит/сек,KZALA,5.0
2017,TH_UNITS,от 2 Мбит/сек до менее 10 Мбит/сек,,987.3
2017,TH_UNITS,от 2 Мбит/сек до менее 10 Мбит/сек,KZAKM,73.5
2017,TH_UNITS,от 2 Мбит/сек до менее 10 Мбит/сек,KZAKT,49.5
2017,TH_UNITS,от 2 Мбит/сек до менее 10 Мбит/сек,KZALM,123.2
2017,TH_UNITS,от 2 Мбит/сек до менее 10 Мбит/сек,KZATY,49.0
2017,TH_UNITS,от 2 Мбит/сек до менее 10 Мбит/сек,KZZAP,26.3
2017,TH_UNITS,от 2 Мбит/сек до менее 10 Мбит/сек,KZZHA,41.7
2017,TH_UNITS,от 2 Мбит/сек до менее 10 Мбит/сек,KZKAR,83.6
2017,TH_UNITS,от 2 Мбит/сек до менее 10 Мбит/сек,KZKUS,66.4
2017,TH_UNITS,от 2 Мбит/сек до менее 10 Мбит/сек,KZKZY,33.9
2017,TH_UNITS,от 2 Мбит/сек до менее 10 Мбит/сек,KZMAN,31.4
2017,TH_UNITS,от 2 Мбит/сек до менее 10 Мбит/сек,KZONT,71.5
2017,TH_UNITS,от 2 Мбит/сек до менее 10 Мбит/сек,KZPAV,48.6
2017,TH_UNITS,от 2 Мбит/сек до менее 10 Мбит/сек,KZSEV,51.5
2017,TH_UNITS,от 2 Мбит/сек до менее 10 Мбит/сек,KZVOS,77.7
2017,TH_UNITS,от 2 Мбит/сек до менее 10 Мбит/сек,KZNS,50.0
2017,TH_UNITS,от 2 Мбит/сек до менее 10 Мбит/сек,KZALA,109.5
2017,TH_UNITS,выше 10 Мбит/сек,KZAKM,26.6
2017,TH_UNITS,выше 10 Мбит/сек,KZAKT,28.4
2017,TH_UNITS,выше 10 Мбит/сек,KZALM,32.1
2017,TH_UNITS,выше 10 Мбит/сек,KZATY,22.7
2017,TH_UNITS,выше 10 Мбит/сек,KZZAP,16.0
2017,TH_UNITS,выше 10 Мбит/сек,KZZHA,15.5
2017,TH_UNITS,выше 10 Мбит/сек,KZKAR,75.0
2017,TH_UNITS,выше 10 Мбит/сек,KZKUS,36.6
2017,TH_UNITS,выше 10 Мбит/сек,KZKZY,11.8
2017,TH_UNITS,выше 10 Мбит/сек,KZMAN,31.1
2017,TH_UNITS,выше 10 Мбит/сек,KZONT,23.6
2017,TH_UNITS,выше 10 Мбит/сек,KZPAV,54.6
2017,TH_UNITS,выше 10 Мбит/сек,KZSEV,29.5
2017,TH_UNITS,выше 10 Мбит/сек,KZVOS,61.4
2017,TH_UNITS,выше 10 Мбит/сек,KZNS,98.7
2017,TH_UNITS,выше 10 Мбит/сек,KZALA,860.7
2018,TH_UNITS,,,2461.3
2018,TH_UNITS,от 256 кБит/сек до менее 2 Мбит/сек,,67.4
2018,TH_UNITS,от 256 кБит/сек до менее 2 Мбит/сек,KZAKM,3.8
2018,TH_UNITS,от 256 кБит/сек до менее 2 Мбит/сек,KZAKT,2.4
2018,TH_UNITS,от 256 кБит/сек до менее 2 Мбит/сек,KZALM,1.8
2018,TH_UNITS,от 256 кБит/сек до менее 2 Мбит/сек,KZATY,2.7
2018,TH_UNITS,от 256 кБит/сек до менее 2 Мбит/сек,KZZAP,1.9
2018,TH_UNITS,от 256 кБит/сек до менее 2 Мбит/сек,KZZHA,1.8
2018,TH_UNITS,от 256 кБит/сек до менее 2 Мбит/сек,KZKAR,5.2
2018,TH_UNITS,от 256 кБит/сек до менее 2 Мбит/сек,KZKUS,2.6
2018,TH_UNITS,от 256 кБит/сек до менее 2 Мбит/сек,KZKZY,3.0
2018,TH_UNITS,от 256 кБит/сек до менее 2 Мбит/сек,KZMAN,6.8
2018,TH_UNITS,от 256 кБит/сек до менее 2 Мбит/сек,KZPAV,1.1
2018,TH_UNITS,от 256 кБит/сек до менее 2 Мбит/сек,KZSEV,2.9
2018,TH_UNITS,от 256 кБит/сек до менее 2 Мбит/сек,KZYUZ,2.1
2018,TH_UNITS,от 256 кБит/сек до менее 2 Мбит/сек,KZVOS,1.1
2018,TH_UNITS,от 256 кБит/сек до менее 2 Мбит/сек,KZNS,22.6
2018,TH_UNITS,от 256 кБит/сек до менее 2 Мбит/сек,KZALA,5.4
2018,TH_UNITS,от 256 кБит/сек до менее 2 Мбит/сек,KZSHY,0.2
2018,TH_UNITS,от 2 Мбит/сек до менее 10 Мбит/сек,,1020.8
2018,TH_UNITS,от 2 Мбит/сек до менее 10 Мбит/сек,KZAKM,75.2
2018,TH_UNITS,от 2 Мбит/сек до менее 10 Мбит/сек,KZAKT,50.8
2018,TH_UNITS,от 2 Мбит/сек до менее 10 Мбит/сек,KZALM,129.6
2018,TH_UNITS,от 2 Мбит/сек до менее 10 Мбит/сек,KZATY,51.9
2018,TH_UNITS,от 2 Мбит/сек до менее 10 Мбит/сек,KZZAP,26.0
2018,TH_UNITS,от 2 Мбит/сек до менее 10 Мбит/сек,KZZHA,45.1
2018,TH_UNITS,от 2 Мбит/сек до менее 10 Мбит/сек,KZKAR,81.0
2018,TH_UNITS,от 2 Мбит/сек до менее 10 Мбит/сек,KZKUS,70.5
2018,TH_UNITS,от 2 Мбит/сек до менее 10 Мбит/сек,KZKZY,38.6
2018,TH_UNITS,от 2 Мбит/сек до менее 10 Мбит/сек,KZMAN,32.2
2018,TH_UNITS,от 2 Мбит/сек до менее 10 Мбит/сек,KZPAV,47.9
2018,TH_UNITS,от 2 Мбит/сек до менее 10 Мбит/сек,KZSEV,54.2
2018,TH_UNITS,от 2 Мбит/сек до менее 10 Мбит/сек,KZYUZ,49.5
2018,TH_UNITS,от 2 Мбит/сек до менее 10 Мбит/сек,KZVOS,84.3
2018,TH_UNITS,от 2 Мбит/сек до менее 10 Мбит/сек,KZNS,44.9
2018,TH_UNITS,от 2 Мбит/сек до менее 10 Мбит/сек,KZALA,112.2
2018,TH_UNITS,от 2 Мбит/сек до менее 10 Мбит/сек,KZSHY,26.9
2018,TH_UNITS,выше 10 Мбит/сек,KZAKM,28.0
2018,TH_UNITS,выше 10 Мбит/сек,KZAKT,51.9
2018,TH_UNITS,выше 10 Мбит/сек,KZALM,27.1
2018,TH_UNITS,выше 10 Мбит/сек,KZATY,35.4
2018,TH_UNITS,выше 10 Мбит/сек,KZZAP,39.4
2018,TH_UNITS,выше 10 Мбит/сек,KZZHA,34.3
2018,TH_UNITS,выше 10 Мбит/сек,KZKAR,170.9
2018,TH_UNITS,выше 10 Мбит/сек,KZKUS,83.5
2018,TH_UNITS,выше 10 Мбит/сек,KZKZY,15.0
2018,TH_UNITS,выше 10 Мбит/сек,KZMAN,39.5
2018,TH_UNITS,выше 10 Мбит/сек,KZPAV,98.7
2018,TH_UNITS,выше 10 Мбит/сек,KZSEV,48.7
2018,TH_UNITS,выше 10 Мбит/сек,KZYUZ,2.2
2018,TH_UNITS,выше 10 Мбит/сек,KZVOS,105.6
2018,TH_UNITS,выше 10 Мбит/сек,KZNS,173.3
2018,TH_UNITS,выше 10 Мбит/сек,KZALA,276.4
2018,TH_UNITS,выше 10 Мбит/сек,KZSHY,46.5
2019,TH_UNITS,,,2511.2
2019,TH_UNITS,от 256 кБит/сек до менее 2 Мбит/сек,,52.7
2019,TH_UNITS,от 256 кБит/сек до менее 2 Мбит/сек,KZAKM,2.6
2019,TH_UNITS,от 256 кБит/сек до менее 2 Мбит/сек,KZAKT,1.5
2019,TH_UNITS,от 256 кБит/сек до менее 2 Мбит/сек,KZALM,1.5
2019,TH_UNITS,от 256 кБит/сек до менее 2 Мбит/сек,KZATY,1.7
2019,TH_UNITS,от 256 кБит/сек до менее 2 Мбит/сек,KZZAP,1.2
2019,TH_UNITS,от 256 кБит/сек до менее 2 Мбит/сек,KZZHA,0.9
2019,TH_UNITS,от 256 кБит/сек до менее 2 Мбит/сек,KZKAR,4.1
2019,TH_UNITS,от 256 кБит/сек до менее 2 Мбит/сек,KZKUS,1.8
2019,TH_UNITS,от 256 кБит/сек до менее 2 Мбит/сек,KZKZY,2.8
2019,TH_UNITS,от 256 кБит/сек до менее 2 Мбит/сек,KZMAN,7.2
2019,TH_UNITS,от 256 кБит/сек до менее 2 Мбит/сек,KZPAV,0.7
2019,TH_UNITS,от 256 кБит/сек до менее 2 Мбит/сек,KZSEV,1.7
2019,TH_UNITS,от 256 кБит/сек до менее 2 Мбит/сек,KZYUZ,1.0
2019,TH_UNITS,от 256 кБит/сек до менее 2 Мбит/сек,KZVOS,0.8
2019,TH_UNITS,от 256 кБит/сек до менее 2 Мбит/сек,KZNS,21.1
2019,TH_UNITS,от 256 кБит/сек до менее 2 Мбит/сек,KZALA,1.6
2019,TH_UNITS,от 256 кБит/сек до менее 2 Мбит/сек,KZSHY,0.5
2019,TH_UNITS,от 2 Мбит/сек до менее 10 Мбит/сек,,1006.1
2019,TH_UNITS,от 2 Мбит/сек до менее 10 Мбит/сек,KZAKM,76.6
2019,TH_UNITS,от 2 Мбит/сек до менее 10 Мбит/сек,KZAKT,49.9
2019,TH_UNITS,от 2 Мбит/сек до менее 10 Мбит/сек,KZALM,132.1
2019,TH_UNITS,от 2 Мбит/сек до менее 10 Мбит/сек,KZATY,50.4
2019,TH_UNITS,от 2 Мбит/сек до менее 10 Мбит/сек,KZZAP,26.4
2019,TH_UNITS,от 2 Мбит/сек до менее 10 Мбит/сек,KZZHA,46.2
2019,TH_UNITS,от 2 Мбит/сек до менее 10 Мбит/сек,KZKAR,79.4
2019,TH_UNITS,от 2 Мбит/сек до менее 10 Мбит/сек,KZKUS,70.9
2019,TH_UNITS,от 2 Мбит/сек до менее 10 Мбит/сек,KZKZY,41.2
2019,TH_UNITS,от 2 Мбит/сек до менее 10 Мбит/сек,KZMAN,32.9
2019,TH_UNITS,от 2 Мбит/сек до менее 10 Мбит/сек,KZPAV,45.3
2019,TH_UNITS,от 2 Мбит/сек до менее 10 Мбит/сек,KZSEV,55.9
2019,TH_UNITS,от 2 Мбит/сек до менее 10 Мбит/сек,KZYUZ,51.5
2019,TH_UNITS,от 2 Мбит/сек до менее 10 Мбит/сек,KZVOS,83.9
2019,TH_UNITS,от 2 Мбит/сек до менее 10 Мбит/сек,KZNS,38.5
2019,TH_UNITS,от 2 Мбит/сек до менее 10 Мбит/сек,KZALA,99.2
2019,TH_UNITS,от 2 Мбит/сек до менее 10 Мбит/сек,KZSHY,26.0
2019,TH_UNITS,выше 10 Мбит/сек,KZAKM,29.9
2019,TH_UNITS,выше 10 Мбит/сек,KZAKT,57.8
2019,TH_UNITS,выше 10 Мбит/сек,KZALM,31.6
2019,TH_UNITS,выше 10 Мбит/сек,KZATY,38.6
2019,TH_UNITS,выше 10 Мбит/сек,KZZAP,41.8
2019,TH_UNITS,выше 10 Мбит/сек,KZZHA,35.2
2019,TH_UNITS,выше 10 Мбит/сек,KZKAR,174.4
2019,TH_UNITS,выше 10 Мбит/сек,KZKUS,87.3
2019,TH_UNITS,выше 10 Мбит/сек,KZKZY,15.8
2019,TH_UNITS,выше 10 Мбит/сек,KZMAN,44.9
2019,TH_UNITS,выше 10 Мбит/сек,KZPAV,104.6
2019,TH_UNITS,выше 10 Мбит/сек,KZSEV,47.9
2019,TH_UNITS,выше 10 Мбит/сек,KZYUZ,3.0
2019,TH_UNITS,выше 10 Мбит/сек,KZVOS,111.3
2019,TH_UNITS,выше 10 Мбит/сек,KZNS,201.3
2019,TH_UNITS,выше 10 Мбит/сек,KZALA,295.2
2019,TH_UNITS,выше 10 Мбит/сек,KZSHY,47.2
